case,distribution,tokens,routed_m,skew_ratio,op,rank,ms,mfu_percent,config,tile_m,tile_n,tile_k,num_warps,pingpong,is_dynamic_persistent,cluster_m,cluster_n,cluster_k,swap_ab,max_swizzle_size,device_capacity,use_tma_gather,error
m4k_tk5k,random,4096,4915,1.0970498474059003,gated,1,0.23305680751800537,40.24740240008718,m128_n256_cm1_cn1_pp0_dyn0_sw8,128,256,,,False,False,1,1,1,False,8,9,False,
m4k_tk5k,random,4096,4915,1.0970498474059003,gated,2,0.24850239753723147,37.74583749378712,m128_n192_cm1_cn1_pp1_dyn0_sw8,128,192,,,True,False,1,1,1,False,8,9,False,
m4k_tk5k,random,4096,4915,1.0970498474059003,gated,3,0.26276240348815916,35.697386649454636,m192_n128_cm2_cn1_pp1_dyn0_sw8,192,128,,,True,False,2,1,1,False,8,9,False,
m4k_tk5k,random,4096,4915,1.0970498474059003,gated,4,0.2655551910400391,35.32196481462328,m192_n128_cm2_cn1_pp1_dyn0_sw4,192,128,,,True,False,2,1,1,False,4,9,False,
m4k_tk5k,random,4096,4915,1.0970498474059003,gated,5,0.26687519550323485,35.147257116081924,m128_n224_cm1_cn1_pp0_dyn0_sw8,128,224,,,False,False,1,1,1,False,8,9,False,
m4k_tk5k,random,4096,4915,1.0970498474059003,out,1,0.0832887977361679,56.309680108298764,m192_n128_cm2_cn1_pp1_dyn0_sw8,192,128,,,True,False,2,1,1,False,8,9,False,
m4k_tk5k,random,4096,4915,1.0970498474059003,out,2,0.08400079905986785,55.83239218695822,m192_n128_cm1_cn2_pp1_dyn0_sw4,192,128,,,True,False,1,2,1,False,4,9,False,
m4k_tk5k,random,4096,4915,1.0970498474059003,out,3,0.08407439887523652,55.78351578924945,m192_n128_cm2_cn1_pp1_dyn0_sw4,192,128,,,True,False,2,1,1,False,4,9,False,
m4k_tk5k,random,4096,4915,1.0970498474059003,out,4,0.08411120176315308,55.75910769096827,m192_n128_cm1_cn2_pp1_dyn0_sw8,192,128,,,True,False,1,2,1,False,8,9,False,
m4k_tk5k,random,4096,4915,1.0970498474059003,out,5,0.08443360030651093,55.54619890781508,m192_n128_cm1_cn1_pp1_dyn0_sw8,192,128,,,True,False,1,1,1,False,8,9,False,
m4k_tk7k,random,4096,7373,1.0937203309372032,gated,1,0.23385119438171387,60.170104853857886,m128_n256_cm2_cn1_pp0_dyn0_sw8,128,256,,,False,False,2,1,1,False,8,9,False,
m4k_tk7k,random,4096,7373,1.0937203309372032,gated,2,0.2442031979560852,57.619437435368766,m128_n256_cm2_cn1_pp0_dyn0_sw4,128,256,,,False,False,2,1,1,False,4,9,False,
m4k_tk7k,random,4096,7373,1.0937203309372032,gated,3,0.25011759996414185,56.25694028794812,m128_n224_cm2_cn1_pp0_dyn0_sw8,128,224,,,False,False,2,1,1,False,8,9,False,
m4k_tk7k,random,4096,7373,1.0937203309372032,gated,4,0.2563376069068909,54.89187113796594,m128_n192_cm2_cn1_pp1_dyn0_sw8,128,192,,,True,False,2,1,1,False,8,9,False,
m4k_tk7k,random,4096,7373,1.0937203309372032,gated,5,0.2564128041267395,54.87577320511926,m256_n192_cm2_cn1_pp0_dyn0_sw8,256,192,,,False,False,2,1,1,False,8,9,False,
m4k_tk7k,random,4096,7373,1.0937203309372032,out,1,0.11456239819526673,61.41129684700061,m256_n192_cm2_cn1_pp0_dyn0_sw8,256,192,,,False,False,2,1,1,False,8,9,False,
m4k_tk7k,random,4096,7373,1.0937203309372032,out,2,0.11491039991378785,61.225315100740914,m256_n192_cm1_cn2_pp0_dyn0_sw8,256,192,,,False,False,1,2,1,False,8,9,False,
m4k_tk7k,random,4096,7373,1.0937203309372032,out,3,0.11682239770889283,60.22325839095715,m128_n192_cm1_cn2_pp1_dyn0_sw8,128,192,,,True,False,1,2,1,False,8,9,False,
m4k_tk7k,random,4096,7373,1.0937203309372032,out,4,0.11689280271530152,60.186985679597015,m128_n256_cm2_cn1_pp0_dyn0_sw4,128,256,,,False,False,2,1,1,False,4,9,False,
m4k_tk7k,random,4096,7373,1.0937203309372032,out,5,0.11720960140228272,60.02430994477209,m128_n256_cm1_cn2_pp0_dyn0_sw4,128,256,,,False,False,1,2,1,False,4,9,False,
m8k_tk10k,random,8192,9830,1.0596134282807732,gated,1,0.32506159543991087,57.711715230849215,m128_n192_cm1_cn1_pp1_dyn0_sw8,128,192,,,True,False,1,1,1,False,8,9,False,
m8k_tk10k,random,8192,9830,1.0596134282807732,gated,2,0.3555055975914001,52.76952699370791,m128_n256_cm2_cn1_pp0_dyn0_sw8,128,256,,,False,False,2,1,1,False,8,9,False,
m8k_tk10k,random,8192,9830,1.0596134282807732,gated,3,0.3621488094329834,51.80152948144708,m128_n224_cm1_cn1_pp0_dyn0_sw8,128,224,,,False,False,1,1,1,False,8,9,False,
m8k_tk10k,random,8192,9830,1.0596134282807732,gated,4,0.3632151961326599,51.64944206150957,m128_n256_cm1_cn1_pp0_dyn0_sw8,128,256,,,False,False,1,1,1,False,8,9,False,
m8k_tk10k,random,8192,9830,1.0596134282807732,gated,5,0.3775591969490051,49.68720767527071,m128_n256_cm2_cn1_pp0_dyn0_sw4,128,256,,,False,False,2,1,1,False,4,9,False,
m8k_tk10k,random,8192,9830,1.0596134282807732,out,1,0.14471279978752136,64.81756367114154,m128_n128_cm1_cn2_pp1_dyn0_sw8,128,128,,,True,False,1,2,1,False,8,9,False,
m8k_tk10k,random,8192,9830,1.0596134282807732,out,2,0.15108239650726318,62.08487111075108,m128_n192_cm1_cn1_pp1_dyn0_sw8,128,192,,,True,False,1,1,1,False,8,9,False,
m8k_tk10k,random,8192,9830,1.0596134282807732,out,3,0.1517023980617523,61.83113275795817,m128_n192_cm1_cn2_pp1_dyn0_sw8,128,192,,,True,False,1,2,1,False,8,9,False,
m8k_tk10k,random,8192,9830,1.0596134282807732,out,4,0.1551792025566101,60.4458004663027,m128_n224_cm1_cn2_pp0_dyn0_sw8,128,224,,,False,False,1,2,1,False,8,9,False,
m8k_tk10k,random,8192,9830,1.0596134282807732,out,5,0.1552527964115143,60.41714758808146,m128_n224_cm1_cn1_pp0_dyn0_sw8,128,224,,,False,False,1,1,1,False,8,9,False,
m8k_tk12k,random,8192,12288,1.0598958333333333,gated,1,0.4417184114456177,53.08989028475577,m128_n256_cm2_cn1_pp0_dyn0_sw4,128,256,,,False,False,2,1,1,False,4,9,False,
m8k_tk12k,random,8192,12288,1.0598958333333333,gated,2,0.46004960536956785,50.974463898444,m128_n256_cm2_cn1_pp0_dyn0_sw8,128,256,,,False,False,2,1,1,False,8,9,False,
m8k_tk12k,random,8192,12288,1.0598958333333333,gated,3,0.46317601203918457,50.630389724113165,m128_n256_cm1_cn1_pp0_dyn0_sw8,128,256,,,False,False,1,1,1,False,8,9,False,
m8k_tk12k,random,8192,12288,1.0598958333333333,gated,4,0.4646967887878418,50.46469561706171,m128_n192_cm1_cn1_pp1_dyn0_sw8,128,192,,,True,False,1,1,1,False,8,9,False,
m8k_tk12k,random,8192,12288,1.0598958333333333,gated,5,0.4661303997039795,50.30948853646338,m128_n224_cm2_cn1_pp0_dyn0_sw4,128,224,,,False,False,2,1,1,False,4,9,False,
m8k_tk12k,random,8192,12288,1.0598958333333333,out,1,0.18516079783439637,63.32545083700249,m128_n192_cm1_cn2_pp1_dyn0_sw4,128,192,,,True,False,1,2,1,False,4,9,False,
m8k_tk12k,random,8192,12288,1.0598958333333333,out,2,0.18517760038375852,63.31970484498529,m128_n192_cm1_cn1_pp1_dyn0_sw8,128,192,,,True,False,1,1,1,False,8,9,False,
m8k_tk12k,random,8192,12288,1.0598958333333333,out,3,0.19595199823379517,59.83807823287604,m192_n128_cm1_cn2_pp1_dyn0_sw8,192,128,,,True,False,1,2,1,False,8,9,False,
m8k_tk12k,random,8192,12288,1.0598958333333333,out,4,0.20016959309577942,58.577283486766774,m128_n192_cm1_cn2_pp1_dyn1_sw8,128,192,,,True,True,1,2,1,False,8,9,False,
m8k_tk12k,random,8192,12288,1.0598958333333333,out,5,0.20437920093536377,57.37076447378055,m192_n128_cm1_cn2_pp1_dyn0_sw4,192,128,,,True,False,1,2,1,False,4,9,False,
m12k_tk18k,random,12288,18432,1.0642361111111112,gated,1,0.607202410697937,57.93154371731512,m128_n224_cm2_cn1_pp0_dyn0_sw8,128,224,,,False,False,2,1,1,False,8,9,False,
m12k_tk18k,random,12288,18432,1.0642361111111112,gated,2,0.6087239980697632,57.786736044822874,m128_n192_cm1_cn1_pp1_dyn0_sw8,128,192,,,True,False,1,1,1,False,8,9,False,
m12k_tk18k,random,12288,18432,1.0642361111111112,gated,3,0.609171199798584,57.74431393381253,m128_n224_cm2_cn1_pp0_dyn0_sw4,128,224,,,False,False,2,1,1,False,4,9,False,
m12k_tk18k,random,12288,18432,1.0642361111111112,gated,4,0.626532793045044,56.14418493506966,m128_n256_cm2_cn1_pp0_dyn0_sw4,128,256,,,False,False,2,1,1,False,4,9,False,
m12k_tk18k,random,12288,18432,1.0642361111111112,gated,5,0.632153582572937,55.64497927455485,m128_n256_cm1_cn1_pp0_dyn0_sw8,128,256,,,False,False,1,1,1,False,8,9,False,
m12k_tk18k,random,12288,18432,1.0642361111111112,out,1,0.2606231927871704,67.4847326986209,m192_n128_cm1_cn2_pp1_dyn0_sw8,192,128,,,True,False,1,2,1,False,8,9,False,
m12k_tk18k,random,12288,18432,1.0642361111111112,out,2,0.27078399658203123,64.95245923802298,m192_n128_cm2_cn1_pp1_dyn0_sw4,192,128,,,True,False,2,1,1,False,4,9,False,
m12k_tk18k,random,12288,18432,1.0642361111111112,out,3,0.27164560556411743,64.74644220280588,m128_n192_cm1_cn2_pp1_dyn0_sw4,128,192,,,True,False,1,2,1,False,4,9,False,
m12k_tk18k,random,12288,18432,1.0642361111111112,out,4,0.27601919174194334,63.720520262760715,m128_n128_cm1_cn2_pp1_dyn0_sw8,128,128,,,True,False,1,2,1,False,8,9,False,
m12k_tk18k,random,12288,18432,1.0642361111111112,out,5,0.27615920305252073,63.68821428326032,m128_n256_cm1_cn2_pp0_dyn0_sw8,128,256,,,False,False,1,2,1,False,8,9,False,
online_min,random,12176,14395,1.0292462660646058,gated,1,0.497490382194519,55.220852487473,m128_n192_cm1_cn1_pp1_dyn0_sw8,128,192,,,True,False,1,1,1,False,8,9,False,
online_min,random,12176,14395,1.0292462660646058,gated,2,0.5001479864120484,54.92742899192109,m128_n256_cm2_cn1_pp0_dyn0_sw4,128,256,,,False,False,2,1,1,False,4,9,False,
online_min,random,12176,14395,1.0292462660646058,gated,3,0.5065527915954591,54.23293181856461,m128_n256_cm1_cn1_pp0_dyn0_sw8,128,256,,,False,False,1,1,1,False,8,9,False,
online_min,random,12176,14395,1.0292462660646058,gated,4,0.5079071998596192,54.088311834707326,m128_n256_cm2_cn1_pp0_dyn0_sw8,128,256,,,False,False,2,1,1,False,8,9,False,
online_min,random,12176,14395,1.0292462660646058,gated,5,0.5118784189224244,53.66868770699921,m128_n192_cm2_cn1_pp1_dyn0_sw8,128,192,,,True,False,2,1,1,False,8,9,False,
online_min,random,12176,14395,1.0292462660646058,out,1,0.20959839820861814,65.53447746713394,m192_n128_cm1_cn2_pp1_dyn0_sw8,192,128,,,True,False,1,2,1,False,8,9,False,
online_min,random,12176,14395,1.0292462660646058,out,2,0.21479359865188596,63.949398821757875,m128_n192_cm1_cn2_pp1_dyn0_sw4,128,192,,,True,False,1,2,1,False,4,9,False,
online_min,random,12176,14395,1.0292462660646058,out,3,0.21615360975265502,63.54703731419564,m128_n192_cm1_cn2_pp1_dyn0_sw8,128,192,,,True,False,1,2,1,False,8,9,False,
online_min,random,12176,14395,1.0292462660646058,out,4,0.2193448066711426,62.622506149160515,m192_n128_cm1_cn1_pp1_dyn0_sw8,192,128,,,True,False,1,1,1,False,8,9,False,
online_min,random,12176,14395,1.0292462660646058,out,5,0.21945040225982665,62.59237332491596,m192_n128_cm1_cn2_pp1_dyn0_sw4,192,128,,,True,False,1,2,1,False,4,9,False,
m16k_tk20k,random,16384,19661,1.0506078022481053,gated,1,0.6245471954345703,60.07813846709199,m128_n256_cm2_cn1_pp0_dyn0_sw8,128,256,,,False,False,2,1,1,False,8,9,False,
m16k_tk20k,random,16384,19661,1.0506078022481053,gated,2,0.6339615821838379,59.18597268512629,m128_n256_cm2_cn1_pp0_dyn0_sw4,128,256,,,False,False,2,1,1,False,4,9,False,
m16k_tk20k,random,16384,19661,1.0506078022481053,gated,3,0.6370327949523926,58.90062989513151,m128_n192_cm1_cn1_pp1_dyn0_sw8,128,192,,,True,False,1,1,1,False,8,9,False,
m16k_tk20k,random,16384,19661,1.0506078022481053,gated,4,0.639305591583252,58.69123214397213,m128_n224_cm2_cn1_pp0_dyn0_sw8,128,224,,,False,False,2,1,1,False,8,9,False,
m16k_tk20k,random,16384,19661,1.0506078022481053,gated,5,0.65556960105896,57.23516286591435,m128_n224_cm2_cn1_pp0_dyn0_sw4,128,224,,,False,False,2,1,1,False,4,9,False,
m16k_tk20k,random,16384,19661,1.0506078022481053,out,1,0.28140959739685056,66.66729428143519,m256_n128_cm1_cn2_pp0_dyn0_sw8,256,128,,,False,False,1,2,1,False,8,9,False,
m16k_tk20k,random,16384,19661,1.0506078022481053,out,2,0.2819024085998535,66.55074902146751,m256_n192_cm1_cn1_pp0_dyn0_sw8,256,192,,,False,False,1,1,1,False,8,9,False,
m16k_tk20k,random,16384,19661,1.0506078022481053,out,3,0.2851431965827942,65.79436812138229,m256_n192_cm1_cn2_pp0_dyn0_sw8,256,192,,,False,False,1,2,1,False,8,9,False,
m16k_tk20k,random,16384,19661,1.0506078022481053,out,4,0.28845280408859253,65.03946634373511,m128_n192_cm1_cn2_pp1_dyn0_sw4,128,192,,,True,False,1,2,1,False,4,9,False,
m16k_tk20k,random,16384,19661,1.0506078022481053,out,5,0.29048240184783936,64.58503621538952,m128_n128_cm1_cn2_pp1_dyn0_sw8,128,128,,,True,False,1,2,1,False,8,9,False,
m20k_tk24k,random,20000,24000,1.0526666666666666,gated,1,0.7052304029464722,64.94658824006541,m128_n256_cm2_cn1_pp0_dyn0_sw8,128,256,,,False,False,2,1,1,False,8,9,False,
m20k_tk24k,random,20000,24000,1.0526666666666666,gated,2,0.7464447975158691,61.36061065328305,m128_n224_cm2_cn1_pp0_dyn0_sw8,128,224,,,False,False,2,1,1,False,8,9,False,
m20k_tk24k,random,20000,24000,1.0526666666666666,gated,3,0.7630920171737671,60.021999396843505,m128_n192_cm1_cn1_pp1_dyn0_sw8,128,192,,,True,False,1,1,1,False,8,9,False,
m20k_tk24k,random,20000,24000,1.0526666666666666,gated,4,0.77325439453125,59.233169469803634,m128_n192_cm2_cn1_pp1_dyn0_sw4,128,192,,,True,False,2,1,1,False,4,9,False,
m20k_tk24k,random,20000,24000,1.0526666666666666,gated,5,0.7786904096603393,58.819664434442785,m128_n192_cm2_cn1_pp1_dyn0_sw8,128,192,,,True,False,2,1,1,False,8,9,False,
m20k_tk24k,random,20000,24000,1.0526666666666666,out,1,0.3233303904533386,70.82895692285673,m192_n128_cm1_cn2_pp1_dyn0_sw8,192,128,,,True,False,1,2,1,False,8,9,False,
m20k_tk24k,random,20000,24000,1.0526666666666666,out,2,0.33415439128875735,68.53465013266901,m128_n192_cm1_cn2_pp1_dyn0_sw8,128,192,,,True,False,1,2,1,False,8,9,False,
m20k_tk24k,random,20000,24000,1.0526666666666666,out,3,0.3401383996009827,67.32892941266077,m128_n192_cm2_cn1_pp1_dyn0_sw4,128,192,,,True,False,2,1,1,False,4,9,False,
m20k_tk24k,random,20000,24000,1.0526666666666666,out,4,0.3427791953086853,66.81022247177702,m128_n128_cm1_cn2_pp1_dyn0_sw8,128,128,,,True,False,1,2,1,False,8,9,False,
m20k_tk24k,random,20000,24000,1.0526666666666666,out,5,0.3427855968475342,66.80897478739766,m128_n192_cm1_cn1_pp1_dyn0_sw8,128,192,,,True,False,1,1,1,False,8,9,False,
online_target,random,24497,29446,1.0209875704679752,gated,1,0.9587224006652832,58.615106674732246,m128_n192_cm1_cn1_pp1_dyn0_sw8,128,192,,,True,False,1,1,1,False,8,9,False,
online_target,random,24497,29446,1.0209875704679752,gated,2,1.0023920059204101,56.061516307536166,m128_n256_cm1_cn1_pp0_dyn0_sw8,128,256,,,False,False,1,1,1,False,8,9,False,
online_target,random,24497,29446,1.0209875704679752,gated,3,1.0109967708587646,55.58436723662042,m128_n256_cm2_cn1_pp0_dyn0_sw4,128,256,,,False,False,2,1,1,False,4,9,False,
online_target,random,24497,29446,1.0209875704679752,gated,4,1.029734420776367,54.57292157339205,m256_n192_cm2_cn1_pp0_dyn0_sw4,256,192,,,False,False,2,1,1,False,4,9,False,
online_target,random,24497,29446,1.0209875704679752,gated,5,1.0310984134674073,54.500729564188475,m256_n192_cm2_cn1_pp0_dyn0_sw8,256,192,,,False,False,2,1,1,False,8,9,False,
online_target,random,24497,29446,1.0209875704679752,out,1,0.40445359945297243,69.47102938687662,m192_n128_cm1_cn2_pp1_dyn0_sw8,192,128,,,True,False,1,2,1,False,8,9,False,
online_target,random,24497,29446,1.0209875704679752,out,2,0.42109839916229247,66.72504086722141,m128_n192_cm1_cn2_pp1_dyn0_sw4,128,192,,,True,False,1,2,1,False,4,9,False,
online_target,random,24497,29446,1.0209875704679752,out,3,0.42296319007873534,66.43085864752209,m192_n128_cm2_cn1_pp1_dyn0_sw8,192,128,,,True,False,2,1,1,False,8,9,False,
online_target,random,24497,29446,1.0209875704679752,out,4,0.4249239921569824,66.12431496418101,m192_n128_cm1_cn2_pp1_dyn0_sw4,192,128,,,True,False,1,2,1,False,4,9,False,
online_target,random,24497,29446,1.0209875704679752,out,5,0.42909281253814696,65.48188893452402,m192_n128_cm2_cn1_pp1_dyn0_sw4,192,128,,,True,False,2,1,1,False,4,9,False,
m24k_tk36k,random,24576,36864,1.0355902777777777,gated,1,1.1485880374908448,61.251156815895456,m128_n192_cm1_cn1_pp1_dyn0_sw8,128,192,,,True,False,1,1,1,False,8,9,False,
m24k_tk36k,random,24576,36864,1.0355902777777777,gated,2,1.163875198364258,60.446640756748195,m128_n256_cm2_cn1_pp0_dyn0_sw4,128,256,,,False,False,2,1,1,False,4,9,False,
m24k_tk36k,random,24576,36864,1.0355902777777777,gated,3,1.1697008132934572,60.14559039514252,m128_n256_cm2_cn1_pp0_dyn0_sw8,128,256,,,False,False,2,1,1,False,8,9,False,
m24k_tk36k,random,24576,36864,1.0355902777777777,gated,4,1.1876952171325685,59.234343109559504,m128_n256_cm1_cn1_pp0_dyn0_sw8,128,256,,,False,False,1,1,1,False,8,9,False,
m24k_tk36k,random,24576,36864,1.0355902777777777,gated,5,1.1966752052307128,58.789841799763686,m128_n192_cm2_cn1_pp1_dyn0_sw8,128,192,,,True,False,2,1,1,False,8,9,False,
m24k_tk36k,random,24576,36864,1.0355902777777777,out,1,0.49517998695373533,71.03714594162948,m192_n128_cm1_cn2_pp1_dyn0_sw8,192,128,,,True,False,1,2,1,False,8,9,False,
m24k_tk36k,random,24576,36864,1.0355902777777777,out,2,0.508947205543518,69.11556369199654,m128_n192_cm1_cn2_pp1_dyn0_sw4,128,192,,,True,False,1,2,1,False,4,9,False,
m24k_tk36k,random,24576,36864,1.0355902777777777,out,3,0.5138208150863648,68.45999999959935,m128_n192_cm1_cn2_pp1_dyn0_sw8,128,192,,,True,False,1,2,1,False,8,9,False,
m24k_tk36k,random,24576,36864,1.0355902777777777,out,4,0.5151080131530762,68.28892601628635,m128_n128_cm1_cn2_pp1_dyn0_sw8,128,128,,,True,False,1,2,1,False,8,9,False,
m24k_tk36k,random,24576,36864,1.0355902777777777,out,5,0.5196871995925904,67.68720304864752,m128_n192_cm2_cn1_pp1_dyn0_sw8,128,192,,,True,False,2,1,1,False,8,9,False,
online_max,random,28940,36560,1.037636761487965,gated,1,1.1732471942901612,59.46929493225518,m128_n192_cm1_cn1_pp1_dyn0_sw8,128,192,,,True,False,1,1,1,False,8,9,False,
online_max,random,28940,36560,1.037636761487965,gated,2,1.1864488124847412,58.80757997436138,m128_n192_cm2_cn1_pp1_dyn0_sw8,128,192,,,True,False,2,1,1,False,8,9,False,
online_max,random,28940,36560,1.037636761487965,gated,3,1.1988255977630615,58.20044513219715,m128_n256_cm2_cn1_pp0_dyn0_sw4,128,256,,,False,False,2,1,1,False,4,9,False,
online_max,random,28940,36560,1.037636761487965,gated,4,1.203000783920288,57.99845216917636,m128_n224_cm2_cn1_pp0_dyn0_sw8,128,224,,,False,False,2,1,1,False,8,9,False,
online_max,random,28940,36560,1.037636761487965,gated,5,1.2211904048919677,57.13456570423586,m128_n192_cm2_cn1_pp1_dyn0_sw4,128,192,,,True,False,2,1,1,False,4,9,False,
online_max,random,28940,36560,1.037636761487965,out,1,0.5036231994628906,69.27022375070676,m128_n192_cm1_cn2_pp1_dyn0_sw8,128,192,,,True,False,1,2,1,False,8,9,False,
online_max,random,28940,36560,1.037636761487965,out,2,0.5071887969970703,68.78324584334769,m192_n128_cm1_cn2_pp1_dyn0_sw8,192,128,,,True,False,1,2,1,False,8,9,False,
online_max,random,28940,36560,1.037636761487965,out,3,0.5158487796783447,67.62852426363075,m128_n128_cm1_cn2_pp1_dyn0_sw8,128,128,,,True,False,1,2,1,False,8,9,False,
online_max,random,28940,36560,1.037636761487965,out,4,0.516596007347107,67.53070332849258,m128_n192_cm2_cn1_pp1_dyn0_sw8,128,192,,,True,False,2,1,1,False,8,9,False,
online_max,random,28940,36560,1.037636761487965,out,5,0.519052791595459,67.2110665383549,m128_n192_cm1_cn2_pp1_dyn0_sw4,128,192,,,True,False,1,2,1,False,4,9,False,
m32k_tk42k,random,32768,42598,1.042678060002817,gated,1,1.3586944103240968,59.83338142744478,m128_n256_cm2_cn1_pp0_dyn0_sw8,128,256,,,False,False,2,1,1,False,8,9,False,
m32k_tk42k,random,32768,42598,1.042678060002817,gated,2,1.3914047718048095,58.42676591572247,m128_n256_cm2_cn1_pp0_dyn0_sw4,128,256,,,False,False,2,1,1,False,4,9,False,
m32k_tk42k,random,32768,42598,1.042678060002817,gated,3,1.4036704063415528,57.91621774526278,m128_n192_cm2_cn1_pp1_dyn0_sw4,128,192,,,True,False,2,1,1,False,4,9,False,
m32k_tk42k,random,32768,42598,1.042678060002817,gated,4,1.4140552043914796,57.49088199936523,m128_n192_cm1_cn1_pp1_dyn0_sw8,128,192,,,True,False,1,1,1,False,8,9,False,
m32k_tk42k,random,32768,42598,1.042678060002817,gated,5,1.4238183975219725,57.09666417974789,m128_n192_cm2_cn1_pp1_dyn0_sw8,128,192,,,True,False,2,1,1,False,8,9,False,
m32k_tk42k,random,32768,42598,1.042678060002817,out,1,0.5832584142684936,69.69061989291411,m128_n128_cm1_cn2_pp1_dyn0_sw8,128,128,,,True,False,1,2,1,False,8,9,False,
m32k_tk42k,random,32768,42598,1.042678060002817,out,2,0.5936095952987671,68.47537635854964,m192_n128_cm1_cn2_pp1_dyn0_sw8,192,128,,,True,False,1,2,1,False,8,9,False,
m32k_tk42k,random,32768,42598,1.042678060002817,out,3,0.597001600265503,68.08631740694211,m256_n128_cm1_cn2_pp0_dyn0_sw8,256,128,,,False,False,1,2,1,False,8,9,False,
m32k_tk42k,random,32768,42598,1.042678060002817,out,4,0.6082664012908936,66.82539157491676,m192_n128_cm2_cn1_pp1_dyn0_sw4,192,128,,,True,False,2,1,1,False,4,9,False,
m32k_tk42k,random,32768,42598,1.042678060002817,out,5,0.6094135999679565,66.69959523428211,m128_n192_cm2_cn1_pp1_dyn0_sw4,128,192,,,True,False,2,1,1,False,4,9,False,
m40k_tk52k,random,40960,53248,1.0375600961538463,gated,1,1.6764023780822754,60.61793795075289,m128_n256_cm2_cn1_pp0_dyn0_sw8,128,256,,,False,False,2,1,1,False,8,9,False,
m40k_tk52k,random,40960,53248,1.0375600961538463,gated,2,1.686630439758301,60.25033874619765,m128_n192_cm2_cn1_pp1_dyn0_sw8,128,192,,,True,False,2,1,1,False,8,9,False,
m40k_tk52k,random,40960,53248,1.0375600961538463,gated,3,1.696059989929199,59.915366165396065,m128_n192_cm2_cn1_pp1_dyn0_sw4,128,192,,,True,False,2,1,1,False,4,9,False,
m40k_tk52k,random,40960,53248,1.0375600961538463,gated,4,1.7399800300598143,58.40300094225369,m128_n224_cm2_cn1_pp0_dyn0_sw8,128,224,,,False,False,2,1,1,False,8,9,False,
m40k_tk52k,random,40960,53248,1.0375600961538463,gated,5,1.7618576049804688,57.6777913537527,m128_n256_cm1_cn1_pp0_dyn0_sw8,128,256,,,False,False,1,1,1,False,8,9,False,
m40k_tk52k,random,40960,53248,1.0375600961538463,out,1,0.7452255964279175,68.180733339126,m128_n192_cm1_cn2_pp1_dyn0_sw4,128,192,,,True,False,1,2,1,False,4,9,False,
m40k_tk52k,random,40960,53248,1.0375600961538463,out,2,0.7466360092163086,68.05193834794373,m256_n128_cm1_cn2_pp0_dyn0_sw8,256,128,,,False,False,1,2,1,False,8,9,False,
m40k_tk52k,random,40960,53248,1.0375600961538463,out,3,0.7502008199691772,67.72856855799031,m128_n192_cm1_cn2_pp1_dyn0_sw8,128,192,,,True,False,1,2,1,False,8,9,False,
m40k_tk52k,random,40960,53248,1.0375600961538463,out,4,0.7546720027923584,67.32729911741926,m128_n128_cm1_cn2_pp1_dyn0_sw8,128,128,,,True,False,1,2,1,False,8,9,False,
m40k_tk52k,random,40960,53248,1.0375600961538463,out,5,0.7588088035583496,66.96025063135139,m128_n192_cm2_cn1_pp1_dyn0_sw8,128,192,,,True,False,2,1,1,False,8,9,False,
m48k_tk64k,random,49152,65536,1.02197265625,gated,1,2.0445703506469726,61.172185782657785,m128_n256_cm2_cn1_pp0_dyn0_sw8,128,256,,,False,False,2,1,1,False,8,9,False,
m48k_tk64k,random,49152,65536,1.02197265625,gated,2,2.098927211761475,59.58798220093,m128_n256_cm2_cn1_pp0_dyn0_sw4,128,256,,,False,False,2,1,1,False,4,9,False,
m48k_tk64k,random,49152,65536,1.02197265625,gated,3,2.123574352264404,58.896377799122135,m128_n192_cm1_cn1_pp1_dyn0_sw8,128,192,,,True,False,1,1,1,False,8,9,False,
m48k_tk64k,random,49152,65536,1.02197265625,gated,4,2.12421760559082,58.87854286035059,m128_n256_cm1_cn1_pp0_dyn0_sw8,128,256,,,False,False,1,1,1,False,8,9,False,
m48k_tk64k,random,49152,65536,1.02197265625,gated,5,2.166199207305908,57.73745873124956,m128_n224_cm2_cn1_pp0_dyn0_sw8,128,224,,,False,False,2,1,1,False,8,9,False,
m48k_tk64k,random,49152,65536,1.02197265625,out,1,0.9103703975677491,68.69228045510054,m128_n192_cm2_cn1_pp1_dyn0_sw4,128,192,,,True,False,2,1,1,False,4,9,False,
m48k_tk64k,random,49152,65536,1.02197265625,out,2,0.9192343711853028,68.02989599606592,m128_n192_cm1_cn1_pp1_dyn0_sw8,128,192,,,True,False,1,1,1,False,8,9,False,
m48k_tk64k,random,49152,65536,1.02197265625,out,3,0.9258024215698242,67.54726193274357,m128_n256_cm1_cn1_pp0_dyn0_sw8,128,256,,,False,False,1,1,1,False,8,9,False,
m48k_tk64k,random,49152,65536,1.02197265625,out,4,0.9283304214477539,67.36331937740411,m128_n192_cm1_cn2_pp1_dyn0_sw4,128,192,,,True,False,1,2,1,False,4,9,False,
m48k_tk64k,random,49152,65536,1.02197265625,out,5,0.932419204711914,67.06792218749563,m128_n192_cm2_cn1_pp1_dyn0_sw8,128,192,,,True,False,2,1,1,False,8,9,False,
m4k_tk5k,balanced,4096,4915,1.0026449643947102,gated,1,0.23822160959243777,39.374812093262705,m192_n128_cm2_cn1_pp1_dyn0_sw8,192,128,,,True,False,2,1,1,False,8,9,False,
m4k_tk5k,balanced,4096,4915,1.0026449643947102,gated,2,0.23990559577941895,39.09842571109178,m128_n256_cm1_cn1_pp0_dyn0_sw8,128,256,,,False,False,1,1,1,False,8,9,False,
m4k_tk5k,balanced,4096,4915,1.0026449643947102,gated,3,0.24045679569244385,39.008800259711606,m128_n192_cm1_cn1_pp1_dyn0_sw8,128,192,,,True,False,1,1,1,False,8,9,False,
m4k_tk5k,balanced,4096,4915,1.0026449643947102,gated,4,0.24507759809494017,38.27331093159788,m192_n128_cm2_cn1_pp1_dyn0_sw4,192,128,,,True,False,2,1,1,False,4,9,False,
m4k_tk5k,balanced,4096,4915,1.0026449643947102,gated,5,0.2510872006416321,37.3572650867396,m128_n256_cm2_cn1_pp0_dyn0_sw4,128,256,,,False,False,2,1,1,False,4,9,False,
m4k_tk5k,balanced,4096,4915,1.0026449643947102,out,1,0.09078559875488282,51.659796503530444,m192_n128_cm1_cn1_pp1_dyn0_sw8,192,128,,,True,False,1,1,1,False,8,9,False,
m4k_tk5k,balanced,4096,4915,1.0026449643947102,out,2,0.09120000004768372,51.42506090653809,m128_n192_cm1_cn2_pp1_dyn0_sw8,128,192,,,True,False,1,2,1,False,8,9,False,
m4k_tk5k,balanced,4096,4915,1.0026449643947102,out,3,0.09135839939117432,51.33589892536457,m128_n192_cm1_cn2_pp1_dyn0_sw4,128,192,,,True,False,1,2,1,False,4,9,False,
m4k_tk5k,balanced,4096,4915,1.0026449643947102,out,4,0.09150480031967163,51.253765275089805,m192_n128_cm1_cn2_pp1_dyn0_sw4,192,128,,,True,False,1,2,1,False,4,9,False,
m4k_tk5k,balanced,4096,4915,1.0026449643947102,out,5,0.09199599921703339,50.98010345062971,m128_n192_cm1_cn1_pp1_dyn0_sw8,128,192,,,True,False,1,1,1,False,8,9,False,
m4k_tk7k,balanced,4096,7373,1.0004068900040688,gated,1,0.2587000012397766,54.390610045285726,m128_n256_cm2_cn1_pp0_dyn0_sw4,128,256,,,False,False,2,1,1,False,4,9,False,
m4k_tk7k,balanced,4096,7373,1.0004068900040688,gated,2,0.2697567939758301,52.16124746577599,m128_n192_cm2_cn1_pp1_dyn0_sw4,128,192,,,True,False,2,1,1,False,4,9,False,
m4k_tk7k,balanced,4096,7373,1.0004068900040688,gated,3,0.2707480072975159,51.97028420115254,m128_n224_cm2_cn1_pp0_dyn0_sw4,128,224,,,False,False,2,1,1,False,4,9,False,
m4k_tk7k,balanced,4096,7373,1.0004068900040688,gated,4,0.2780847907066345,50.59913866699623,m128_n192_cm1_cn1_pp1_dyn0_sw8,128,192,,,True,False,1,1,1,False,8,9,False,
m4k_tk7k,balanced,4096,7373,1.0004068900040688,gated,5,0.27984319925308226,50.28119648325756,m256_n192_cm2_cn1_pp0_dyn0_sw4,256,192,,,False,False,2,1,1,False,4,9,False,
m4k_tk7k,balanced,4096,7373,1.0004068900040688,out,1,0.11733280420303345,59.96128270231797,m256_n128_cm1_cn2_pp0_dyn0_sw8,256,128,,,False,False,1,2,1,False,8,9,False,
m4k_tk7k,balanced,4096,7373,1.0004068900040688,out,2,0.11760239601135254,59.823827419253085,m256_n192_cm1_cn2_pp0_dyn0_sw8,256,192,,,False,False,1,2,1,False,8,9,False,
m4k_tk7k,balanced,4096,7373,1.0004068900040688,out,3,0.11767120361328125,59.78884575868945,m256_n192_cm2_cn1_pp0_dyn0_sw8,256,192,,,False,False,2,1,1,False,8,9,False,
m4k_tk7k,balanced,4096,7373,1.0004068900040688,out,4,0.11776720285415648,59.74010821830012,m128_n192_cm1_cn2_pp1_dyn0_sw4,128,192,,,True,False,1,2,1,False,4,9,False,
m4k_tk7k,balanced,4096,7373,1.0004068900040688,out,5,0.11855279803276061,59.34423784017023,m256_n128_cm2_cn1_pp0_dyn0_sw8,256,128,,,False,False,2,1,1,False,8,9,False,
m8k_tk10k,balanced,8192,9830,1.0010172939979654,gated,1,0.32152479887008667,58.3465483671561,m128_n192_cm1_cn1_pp1_dyn0_sw8,128,192,,,True,False,1,1,1,False,8,9,False,
m8k_tk10k,balanced,8192,9830,1.0010172939979654,gated,2,0.3556584000587464,52.746855481031695,m128_n128_cm1_cn1_pp1_dyn0_sw8,128,128,,,True,False,1,1,1,False,8,9,False,
m8k_tk10k,balanced,8192,9830,1.0010172939979654,gated,3,0.3559823989868164,52.69884770119888,m128_n256_cm2_cn1_pp0_dyn0_sw4,128,256,,,False,False,2,1,1,False,4,9,False,
m8k_tk10k,balanced,8192,9830,1.0010172939979654,gated,4,0.3671320080757141,51.09841096896346,m128_n224_cm1_cn1_pp0_dyn0_sw8,128,224,,,False,False,1,1,1,False,8,9,False,
m8k_tk10k,balanced,8192,9830,1.0010172939979654,gated,5,0.37490239143371584,50.03932398716231,m128_n160_cm1_cn1_pp1_dyn0_sw8,128,160,,,True,False,1,1,1,False,8,9,False,
m8k_tk10k,balanced,8192,9830,1.0010172939979654,out,1,0.14448639750480652,64.91912924844563,m128_n128_cm1_cn2_pp1_dyn0_sw8,128,128,,,True,False,1,2,1,False,8,9,False,
m8k_tk10k,balanced,8192,9830,1.0010172939979654,out,2,0.1477016031742096,63.50595330501238,m128_n192_cm1_cn2_pp1_dyn0_sw8,128,192,,,True,False,1,2,1,False,8,9,False,
m8k_tk10k,balanced,8192,9830,1.0010172939979654,out,3,0.15348080396652222,61.1146858228786,m128_n256_cm1_cn2_pp0_dyn0_sw8,128,256,,,False,False,1,2,1,False,8,9,False,
m8k_tk10k,balanced,8192,9830,1.0010172939979654,out,4,0.1545512020587921,60.69141481467513,m128_n224_cm1_cn2_pp0_dyn0_sw8,128,224,,,False,False,1,2,1,False,8,9,False,
m8k_tk10k,balanced,8192,9830,1.0010172939979654,out,5,0.15535359978675842,60.377945069389526,m128_n192_cm1_cn2_pp1_dyn0_sw4,128,192,,,True,False,1,2,1,False,4,9,False,
m8k_tk12k,balanced,8192,12288,1.0,gated,1,0.3336160063743591,70.29273641651871,m128_n256_cm2_cn1_pp0_dyn0_sw8,128,256,,,False,False,2,1,1,False,8,9,False,
m8k_tk12k,balanced,8192,12288,1.0,gated,2,0.3653200030326843,64.19243897330846,m128_n256_cm2_cn1_pp0_dyn0_sw4,128,256,,,False,False,2,1,1,False,4,9,False,
m8k_tk12k,balanced,8192,12288,1.0,gated,3,0.3749920010566712,62.53675260891877,m128_n224_cm2_cn1_pp0_dyn0_sw8,128,224,,,False,False,2,1,1,False,8,9,False,
m8k_tk12k,balanced,8192,12288,1.0,gated,4,0.37650400400161743,62.28561117853001,m128_n192_cm1_cn1_pp1_dyn0_sw8,128,192,,,True,False,1,1,1,False,8,9,False,
m8k_tk12k,balanced,8192,12288,1.0,gated,5,0.3816488027572632,61.44597292322609,m128_n224_cm2_cn1_pp0_dyn0_sw4,128,224,,,False,False,2,1,1,False,4,9,False,
m8k_tk12k,balanced,8192,12288,1.0,out,1,0.1655232012271881,70.8383532536239,m192_n128_cm2_cn1_pp1_dyn0_sw4,192,128,,,True,False,2,1,1,False,4,9,False,
m8k_tk12k,balanced,8192,12288,1.0,out,2,0.17388159632682798,67.43319159644227,m256_n192_cm1_cn1_pp0_dyn0_sw8,256,192,,,False,False,1,1,1,False,8,9,False,
m8k_tk12k,balanced,8192,12288,1.0,out,3,0.17611040472984313,66.5797743079928,m128_n256_cm1_cn2_pp0_dyn0_sw8,128,256,,,False,False,1,2,1,False,8,9,False,
m8k_tk12k,balanced,8192,12288,1.0,out,4,0.17614880204200745,66.56526109899961,m256_n192_cm1_cn2_pp0_dyn0_sw4,256,192,,,False,False,1,2,1,False,4,9,False,
m8k_tk12k,balanced,8192,12288,1.0,out,5,0.17819440364837646,65.80111810547903,m128_n256_cm1_cn2_pp0_dyn0_sw4,128,256,,,False,False,1,2,1,False,4,9,False,
m12k_tk18k,balanced,12288,18432,1.0,gated,1,0.5555831909179687,63.313961933381094,m128_n192_cm1_cn1_pp1_dyn0_sw8,128,192,,,True,False,1,1,1,False,8,9,False,
m12k_tk18k,balanced,12288,18432,1.0,gated,2,0.5947456121444702,59.14490545591783,m128_n224_cm2_cn1_pp0_dyn0_sw4,128,224,,,False,False,2,1,1,False,4,9,False,
m12k_tk18k,balanced,12288,18432,1.0,gated,3,0.5974832057952881,58.873910863795665,m128_n224_cm2_cn1_pp0_dyn0_sw8,128,224,,,False,False,2,1,1,False,8,9,False,
m12k_tk18k,balanced,12288,18432,1.0,gated,4,0.6308887958526612,55.75653464104595,m128_n128_cm1_cn1_pp1_dyn0_sw8,128,128,,,True,False,1,1,1,False,8,9,False,
m12k_tk18k,balanced,12288,18432,1.0,gated,5,0.6427263975143434,54.72962233486243,m128_n256_cm2_cn1_pp0_dyn0_sw8,128,256,,,False,False,2,1,1,False,8,9,False,
m12k_tk18k,balanced,12288,18432,1.0,out,1,0.24037439823150636,73.16954979275339,m192_n128_cm2_cn1_pp1_dyn0_sw4,192,128,,,True,False,2,1,1,False,4,9,False,
m12k_tk18k,balanced,12288,18432,1.0,out,2,0.25191600322723384,69.81726557656796,m192_n128_cm1_cn2_pp1_dyn0_sw8,192,128,,,True,False,1,2,1,False,8,9,False,
m12k_tk18k,balanced,12288,18432,1.0,out,3,0.25311440229415894,69.48670775305467,m192_n128_cm2_cn1_pp1_dyn0_sw8,192,128,,,True,False,2,1,1,False,8,9,False,
m12k_tk18k,balanced,12288,18432,1.0,out,4,0.26225680112838745,67.06436753833931,m128_n192_cm1_cn2_pp1_dyn0_sw4,128,192,,,True,False,1,2,1,False,4,9,False,
m12k_tk18k,balanced,12288,18432,1.0,out,5,0.26389039754867555,66.64920991321463,m128_n128_cm1_cn2_pp1_dyn0_sw8,128,128,,,True,False,1,2,1,False,8,9,False,
online_min,balanced,12176,14395,1.0003473428273706,gated,1,0.5026295900344848,54.65623901532596,m128_n256_cm2_cn1_pp0_dyn0_sw8,128,256,,,False,False,2,1,1,False,8,9,False,
online_min,balanced,12176,14395,1.0003473428273706,gated,2,0.5079576015472412,54.0829449651324,m128_n256_cm2_cn1_pp0_dyn0_sw4,128,256,,,False,False,2,1,1,False,4,9,False,
online_min,balanced,12176,14395,1.0003473428273706,gated,3,0.5145240068435669,53.392733174163624,m128_n192_cm2_cn1_pp1_dyn0_sw8,128,192,,,True,False,2,1,1,False,8,9,False,
online_min,balanced,12176,14395,1.0003473428273706,gated,4,0.515113615989685,53.3316188047536,m128_n224_cm2_cn1_pp0_dyn0_sw8,128,224,,,False,False,2,1,1,False,8,9,False,
online_min,balanced,12176,14395,1.0003473428273706,gated,5,0.5208904027938843,52.74015966074666,m256_n192_cm2_cn1_pp0_dyn0_sw8,256,192,,,False,False,2,1,1,False,8,9,False,
online_min,balanced,12176,14395,1.0003473428273706,out,1,0.209769606590271,65.48098996714768,m192_n128_cm1_cn2_pp1_dyn0_sw8,192,128,,,True,False,1,2,1,False,8,9,False,
online_min,balanced,12176,14395,1.0003473428273706,out,2,0.21902480125427246,62.714000541900305,m192_n128_cm1_cn2_pp1_dyn0_sw4,192,128,,,True,False,1,2,1,False,4,9,False,
online_min,balanced,12176,14395,1.0003473428273706,out,3,0.22336080074310302,61.49656277579489,m192_n128_cm1_cn1_pp1_dyn0_sw8,192,128,,,True,False,1,1,1,False,8,9,False,
online_min,balanced,12176,14395,1.0003473428273706,out,4,0.22915199995040894,59.942402892065786,m128_n192_cm1_cn2_pp1_dyn0_sw4,128,192,,,True,False,1,2,1,False,4,9,False,
online_min,balanced,12176,14395,1.0003473428273706,out,5,0.2346895933151245,58.52803829314421,m256_n128_cm2_cn1_pp0_dyn0_sw8,256,128,,,False,False,2,1,1,False,8,9,False,
m16k_tk20k,balanced,16384,19661,1.0001525863384364,gated,1,0.618127989768982,60.70204473441713,m128_n224_cm2_cn1_pp0_dyn0_sw4,128,224,,,False,False,2,1,1,False,4,9,False,
m16k_tk20k,balanced,16384,19661,1.0001525863384364,gated,2,0.6325376033782959,59.31921309682495,m128_n192_cm1_cn1_pp1_dyn0_sw8,128,192,,,True,False,1,1,1,False,8,9,False,
m16k_tk20k,balanced,16384,19661,1.0001525863384364,gated,3,0.6481831789016723,57.88739064492755,m128_n192_cm2_cn1_pp1_dyn0_sw8,128,192,,,True,False,2,1,1,False,8,9,False,
m16k_tk20k,balanced,16384,19661,1.0001525863384364,gated,4,0.6505031824111939,57.680936698068344,m128_n224_cm2_cn1_pp0_dyn0_sw8,128,224,,,False,False,2,1,1,False,8,9,False,
m16k_tk20k,balanced,16384,19661,1.0001525863384364,gated,5,0.6551223993301392,57.27423291421242,m128_n192_cm2_cn1_pp1_dyn0_sw4,128,192,,,True,False,2,1,1,False,4,9,False,
m16k_tk20k,balanced,16384,19661,1.0001525863384364,out,1,0.28143359422683717,66.66160980111958,m256_n192_cm1_cn1_pp0_dyn0_sw8,256,192,,,False,False,1,1,1,False,8,9,False,
m16k_tk20k,balanced,16384,19661,1.0001525863384364,out,2,0.2861071944236755,65.57268327721427,m256_n128_cm1_cn2_pp0_dyn0_sw8,256,128,,,False,False,1,2,1,False,8,9,False,
m16k_tk20k,balanced,16384,19661,1.0001525863384364,out,3,0.286245596408844,65.54097837187336,m256_n192_cm1_cn2_pp0_dyn0_sw4,256,192,,,False,False,1,2,1,False,4,9,False,
m16k_tk20k,balanced,16384,19661,1.0001525863384364,out,4,0.2892911911010742,64.85097721735077,m256_n192_cm1_cn2_pp0_dyn1_sw8,256,192,,,False,True,1,2,1,False,8,9,False,
m16k_tk20k,balanced,16384,19661,1.0001525863384364,out,5,0.2907071948051453,64.53509503213706,m256_n192_cm1_cn2_pp0_dyn0_sw8,256,192,,,False,False,1,2,1,False,8,9,False,
m20k_tk24k,balanced,20000,24000,1.0,gated,1,0.7487768173217774,61.1695067675379,m256_n192_cm2_cn1_pp0_dyn0_sw8,256,192,,,False,False,2,1,1,False,8,9,False,
m20k_tk24k,balanced,20000,24000,1.0,gated,2,0.7525135993957519,60.86575529175546,m128_n192_cm1_cn1_pp1_dyn0_sw8,128,192,,,True,False,1,1,1,False,8,9,False,
m20k_tk24k,balanced,20000,24000,1.0,gated,3,0.7578023910522461,60.44096605573013,m256_n192_cm2_cn1_pp0_dyn0_sw4,256,192,,,False,False,2,1,1,False,4,9,False,
m20k_tk24k,balanced,20000,24000,1.0,gated,4,0.7848311901092528,58.359439802798875,m128_n192_cm2_cn1_pp1_dyn0_sw4,128,192,,,True,False,2,1,1,False,4,9,False,
m20k_tk24k,balanced,20000,24000,1.0,gated,5,0.795024824142456,57.61116785748678,m128_n224_cm2_cn1_pp0_dyn0_sw8,128,224,,,False,False,2,1,1,False,8,9,False,
m20k_tk24k,balanced,20000,24000,1.0,out,1,0.3367984056472778,67.99662324189826,m192_n128_cm1_cn2_pp1_dyn0_sw8,192,128,,,True,False,1,2,1,False,8,9,False,
m20k_tk24k,balanced,20000,24000,1.0,out,2,0.3385432004928589,67.64618005598679,m192_n128_cm2_cn1_pp1_dyn0_sw4,192,128,,,True,False,2,1,1,False,4,9,False,
m20k_tk24k,balanced,20000,24000,1.0,out,3,0.3402103900909424,67.31468222104627,m128_n192_cm1_cn2_pp1_dyn0_sw4,128,192,,,True,False,1,2,1,False,4,9,False,
m20k_tk24k,balanced,20000,24000,1.0,out,4,0.34438799619674687,66.49811999889414,m128_n128_cm1_cn2_pp1_dyn0_sw8,128,128,,,True,False,1,2,1,False,8,9,False,
m20k_tk24k,balanced,20000,24000,1.0,out,5,0.3476287961006165,65.87818544998079,m192_n128_cm2_cn1_pp1_dyn0_sw8,192,128,,,True,False,2,1,1,False,8,9,False,
online_target,balanced,24497,29446,1.000339604700129,gated,1,0.9736311912536622,57.71755906268024,m128_n192_cm1_cn1_pp1_dyn0_sw8,128,192,,,True,False,1,1,1,False,8,9,False,
online_target,balanced,24497,29446,1.000339604700129,gated,2,1.0061280250549318,55.85334508834781,m128_n256_cm1_cn1_pp0_dyn0_sw8,128,256,,,False,False,1,1,1,False,8,9,False,
online_target,balanced,24497,29446,1.000339604700129,gated,3,1.0230696201324463,54.92843759662798,m128_n256_cm2_cn1_pp0_dyn0_sw8,128,256,,,False,False,2,1,1,False,8,9,False,
online_target,balanced,24497,29446,1.000339604700129,gated,4,1.0297232151031495,54.5735154478592,m128_n256_cm2_cn1_pp0_dyn0_sw4,128,256,,,False,False,2,1,1,False,4,9,False,
online_target,balanced,24497,29446,1.000339604700129,gated,5,1.032755184173584,54.41329818297545,m128_n192_cm2_cn1_pp1_dyn0_sw4,128,192,,,True,False,2,1,1,False,4,9,False,
online_target,balanced,24497,29446,1.000339604700129,out,1,0.39558800458908083,71.02795728705735,m192_n128_cm2_cn1_pp1_dyn0_sw4,192,128,,,True,False,2,1,1,False,4,9,False,
online_target,balanced,24497,29446,1.000339604700129,out,2,0.4201599836349487,66.87406937267484,m192_n128_cm1_cn2_pp1_dyn0_sw8,192,128,,,True,False,1,2,1,False,8,9,False,
online_target,balanced,24497,29446,1.000339604700129,out,3,0.42107439041137695,66.72884538471877,m128_n192_cm1_cn2_pp1_dyn0_sw4,128,192,,,True,False,1,2,1,False,4,9,False,
online_target,balanced,24497,29446,1.000339604700129,out,4,0.4247815847396851,66.14648304597385,m192_n128_cm1_cn2_pp1_dyn0_sw4,192,128,,,True,False,1,2,1,False,4,9,False,
online_target,balanced,24497,29446,1.000339604700129,out,5,0.42807199954986574,65.63804201809839,m192_n128_cm2_cn1_pp1_dyn0_sw8,192,128,,,True,False,2,1,1,False,8,9,False,
m24k_tk36k,balanced,24576,36864,1.0,gated,1,1.1329392433166503,62.09719225124436,m128_n192_cm1_cn1_pp1_dyn0_sw8,128,192,,,True,False,1,1,1,False,8,9,False,
m24k_tk36k,balanced,24576,36864,1.0,gated,2,1.1368167877197266,61.88538624797136,m128_n192_cm2_cn1_pp1_dyn0_sw8,128,192,,,True,False,2,1,1,False,8,9,False,
m24k_tk36k,balanced,24576,36864,1.0,gated,3,1.170729637145996,60.09273513628497,m128_n192_cm2_cn1_pp1_dyn0_sw4,128,192,,,True,False,2,1,1,False,4,9,False,
m24k_tk36k,balanced,24576,36864,1.0,gated,4,1.1779120445251463,59.726315159273724,m128_n256_cm2_cn1_pp0_dyn0_sw8,128,256,,,False,False,2,1,1,False,8,9,False,
m24k_tk36k,balanced,24576,36864,1.0,gated,5,1.177951192855835,59.724330199666866,m128_n224_cm2_cn1_pp0_dyn0_sw4,128,224,,,False,False,2,1,1,False,4,9,False,
m24k_tk36k,balanced,24576,36864,1.0,out,1,0.4911159992218017,71.62497873485106,m192_n128_cm1_cn2_pp1_dyn0_sw8,192,128,,,True,False,1,2,1,False,8,9,False,
m24k_tk36k,balanced,24576,36864,1.0,out,2,0.5106096029281616,68.89054337968584,m128_n192_cm2_cn1_pp1_dyn0_sw4,128,192,,,True,False,2,1,1,False,4,9,False,
m24k_tk36k,balanced,24576,36864,1.0,out,3,0.5108760118484497,68.85461870353312,m128_n192_cm2_cn1_pp1_dyn0_sw8,128,192,,,True,False,2,1,1,False,8,9,False,
m24k_tk36k,balanced,24576,36864,1.0,out,4,0.5109640121459961,68.84276028143427,m128_n192_cm1_cn2_pp1_dyn0_sw8,128,192,,,True,False,1,2,1,False,8,9,False,
m24k_tk36k,balanced,24576,36864,1.0,out,5,0.5145951986312867,68.35697863906967,m128_n128_cm1_cn2_pp1_dyn0_sw8,128,128,,,True,False,1,2,1,False,8,9,False,
online_max,balanced,28940,36560,1.0,gated,1,1.1293560028076173,61.78050433364369,m128_n192_cm1_cn1_pp1_dyn0_sw8,128,192,,,True,False,1,1,1,False,8,9,False,
online_max,balanced,28940,36560,1.0,gated,2,1.1301999568939207,61.73437098461263,m128_n192_cm2_cn1_pp1_dyn0_sw8,128,192,,,True,False,2,1,1,False,8,9,False,
online_max,balanced,28940,36560,1.0,gated,3,1.1484200000762939,60.7549358431996,m128_n256_cm2_cn1_pp0_dyn0_sw8,128,256,,,False,False,2,1,1,False,8,9,False,
online_max,balanced,28940,36560,1.0,gated,4,1.1624375820159911,60.02230528771969,m128_n224_cm2_cn1_pp0_dyn0_sw4,128,224,,,False,False,2,1,1,False,4,9,False,
online_max,balanced,28940,36560,1.0,gated,5,1.1664567947387696,59.81548887227164,m128_n256_cm2_cn1_pp0_dyn0_sw4,128,256,,,False,False,2,1,1,False,4,9,False,
online_max,balanced,28940,36560,1.0,out,1,0.4980000019073486,70.05239272937132,m192_n128_cm1_cn2_pp1_dyn0_sw8,192,128,,,True,False,1,2,1,False,8,9,False,
online_max,balanced,28940,36560,1.0,out,2,0.506057620048523,68.93699517753775,m128_n192_cm2_cn1_pp1_dyn0_sw8,128,192,,,True,False,2,1,1,False,8,9,False,
online_max,balanced,28940,36560,1.0,out,3,0.5061239957809448,68.92795442154906,m128_n192_cm1_cn2_pp1_dyn0_sw8,128,192,,,True,False,1,2,1,False,8,9,False,
online_max,balanced,28940,36560,1.0,out,4,0.5090879917144775,68.52664427490002,m128_n192_cm1_cn2_pp1_dyn0_sw4,128,192,,,True,False,1,2,1,False,4,9,False,
online_max,balanced,28940,36560,1.0,out,5,0.5092463970184327,68.50532849538948,m128_n128_cm1_cn2_pp1_dyn0_sw8,128,128,,,True,False,1,2,1,False,8,9,False,
m32k_tk42k,balanced,32768,42598,1.000234752805296,gated,1,1.348091983795166,60.3039569061121,m128_n192_cm1_cn1_pp1_dyn0_sw8,128,192,,,True,False,1,1,1,False,8,9,False,
m32k_tk42k,balanced,32768,42598,1.000234752805296,gated,2,1.3917984008789062,58.41024163048451,m128_n256_cm2_cn1_pp0_dyn0_sw8,128,256,,,False,False,2,1,1,False,8,9,False,
m32k_tk42k,balanced,32768,42598,1.000234752805296,gated,3,1.3922663688659669,58.39060880460377,m128_n256_cm2_cn1_pp0_dyn0_sw4,128,256,,,False,False,2,1,1,False,4,9,False,
m32k_tk42k,balanced,32768,42598,1.000234752805296,gated,4,1.4020671844482422,57.982443208134214,m128_n192_cm2_cn1_pp1_dyn0_sw8,128,192,,,True,False,2,1,1,False,8,9,False,
m32k_tk42k,balanced,32768,42598,1.000234752805296,gated,5,1.420798397064209,57.218026895468775,m128_n192_cm2_cn1_pp1_dyn0_sw4,128,192,,,True,False,2,1,1,False,4,9,False,
m32k_tk42k,balanced,32768,42598,1.000234752805296,out,1,0.5796720027923584,70.12179344926828,m192_n128_cm2_cn1_pp1_dyn0_sw4,192,128,,,True,False,2,1,1,False,4,9,False,
m32k_tk42k,balanced,32768,42598,1.000234752805296,out,2,0.5927847862243651,68.57065395862666,m128_n128_cm1_cn2_pp1_dyn0_sw8,128,128,,,True,False,1,2,1,False,8,9,False,
m32k_tk42k,balanced,32768,42598,1.000234752805296,out,3,0.598035192489624,67.96864291366042,m128_n192_cm1_cn1_pp1_dyn0_sw8,128,192,,,True,False,1,1,1,False,8,9,False,
m32k_tk42k,balanced,32768,42598,1.000234752805296,out,4,0.6061864137649536,67.0546873455504,m128_n192_cm1_cn2_pp1_dyn0_sw8,128,192,,,True,False,1,2,1,False,8,9,False,
m32k_tk42k,balanced,32768,42598,1.000234752805296,out,5,0.6094616174697876,66.69434018975677,m192_n128_cm1_cn2_pp1_dyn0_sw8,192,128,,,True,False,1,2,1,False,8,9,False,
m40k_tk52k,balanced,40960,53248,1.0,gated,1,1.6677167892456053,60.93364052601159,m128_n192_cm1_cn1_pp1_dyn0_sw8,128,192,,,True,False,1,1,1,False,8,9,False,
m40k_tk52k,balanced,40960,53248,1.0,gated,2,1.680615234375,60.46598487064006,m128_n256_cm2_cn1_pp0_dyn0_sw4,128,256,,,False,False,2,1,1,False,4,9,False,
m40k_tk52k,balanced,40960,53248,1.0,gated,3,1.6934495925903321,60.00772374904058,m128_n192_cm2_cn1_pp1_dyn0_sw8,128,192,,,True,False,2,1,1,False,8,9,False,
m40k_tk52k,balanced,40960,53248,1.0,gated,4,1.6965919494628907,59.8965799450227,m128_n256_cm2_cn1_pp0_dyn0_sw8,128,256,,,False,False,2,1,1,False,8,9,False,
m40k_tk52k,balanced,40960,53248,1.0,gated,5,1.6977519989013672,59.85565347638838,m128_n192_cm2_cn1_pp1_dyn0_sw4,128,192,,,True,False,2,1,1,False,4,9,False,
m40k_tk52k,balanced,40960,53248,1.0,out,1,0.7338207960128784,69.24037577513852,m128_n192_cm2_cn1_pp1_dyn0_sw8,128,192,,,True,False,2,1,1,False,8,9,False,
m40k_tk52k,balanced,40960,53248,1.0,out,2,0.7345471858978272,69.1719043282952,m256_n128_cm1_cn2_pp0_dyn0_sw8,256,128,,,False,False,1,2,1,False,8,9,False,
m40k_tk52k,balanced,40960,53248,1.0,out,3,0.7346055984497071,69.16640408781414,m128_n192_cm1_cn1_pp1_dyn0_sw8,128,192,,,True,False,1,1,1,False,8,9,False,
m40k_tk52k,balanced,40960,53248,1.0,out,4,0.7390872001647949,68.74699988880042,m128_n192_cm2_cn1_pp1_dyn0_sw4,128,192,,,True,False,2,1,1,False,4,9,False,
m40k_tk52k,balanced,40960,53248,1.0,out,5,0.7405751943588257,68.60887058407783,m128_n192_cm1_cn2_pp1_dyn0_sw4,128,192,,,True,False,1,2,1,False,4,9,False,
m48k_tk64k,balanced,49152,65536,1.0,gated,1,2.034558391571045,61.473211018983456,m128_n256_cm2_cn1_pp0_dyn0_sw8,128,256,,,False,False,2,1,1,False,8,9,False,
m48k_tk64k,balanced,49152,65536,1.0,gated,2,2.0424479484558105,61.23575263205605,m128_n192_cm2_cn1_pp1_dyn0_sw8,128,192,,,True,False,2,1,1,False,8,9,False,
m48k_tk64k,balanced,49152,65536,1.0,gated,3,2.058938407897949,60.745302946279054,m128_n256_cm2_cn1_pp0_dyn0_sw4,128,256,,,False,False,2,1,1,False,4,9,False,
m48k_tk64k,balanced,49152,65536,1.0,gated,4,2.0639072418212887,60.59905929935204,m256_n192_cm2_cn1_pp0_dyn0_sw8,256,192,,,False,False,2,1,1,False,8,9,False,
m48k_tk64k,balanced,49152,65536,1.0,gated,5,2.073070430755615,60.33120509557567,m128_n192_cm1_cn1_pp1_dyn0_sw8,128,192,,,True,False,1,1,1,False,8,9,False,
m48k_tk64k,balanced,49152,65536,1.0,out,1,0.9029592037200928,69.25608422850794,m128_n192_cm2_cn1_pp1_dyn0_sw4,128,192,,,True,False,2,1,1,False,4,9,False,
m48k_tk64k,balanced,49152,65536,1.0,out,2,0.9049511909484863,69.10363707262637,m128_n192_cm2_cn1_pp1_dyn0_sw8,128,192,,,True,False,2,1,1,False,8,9,False,
m48k_tk64k,balanced,49152,65536,1.0,out,3,0.9138472080230713,68.43093475443041,m256_n128_cm1_cn2_pp0_dyn0_sw8,256,128,,,False,False,1,2,1,False,8,9,False,
m48k_tk64k,balanced,49152,65536,1.0,out,4,0.9154176235198974,68.31354024766154,m128_n256_cm1_cn1_pp0_dyn0_sw8,128,256,,,False,False,1,1,1,False,8,9,False,
m48k_tk64k,balanced,49152,65536,1.0,out,5,0.9157839775085449,68.28621181807223,m128_n192_cm2_cn1_pp1_dyn1_sw8,128,192,,,True,True,2,1,1,False,8,9,False,
m4k_tk5k,skewed,4096,4915,4.9936927772126145,gated,1,0.21430479288101195,43.769114951455265,m128_n192_cm1_cn1_pp1_dyn0_sw8,128,192,,,True,False,1,1,1,False,8,9,False,
m4k_tk5k,skewed,4096,4915,4.9936927772126145,gated,2,0.21644240617752075,43.33684549119102,m128_n224_cm1_cn1_pp0_dyn0_sw8,128,224,,,False,False,1,1,1,False,8,9,False,
m4k_tk5k,skewed,4096,4915,4.9936927772126145,gated,3,0.23105520009994507,40.596061504780884,m128_n256_cm1_cn1_pp0_dyn0_sw8,128,256,,,False,False,1,1,1,False,8,9,False,
m4k_tk5k,skewed,4096,4915,4.9936927772126145,gated,4,0.2335007905960083,40.17087518339723,m128_n160_cm1_cn1_pp1_dyn0_sw8,128,160,,,True,False,1,1,1,False,8,9,False,
m4k_tk5k,skewed,4096,4915,4.9936927772126145,gated,5,0.2345407962799072,39.992748651976804,m128_n224_cm2_cn1_pp0_dyn0_sw4,128,224,,,False,False,2,1,1,False,4,9,False,
m4k_tk5k,skewed,4096,4915,4.9936927772126145,out,1,0.08850799798965454,52.989172319507325,m128_n224_cm1_cn2_pp0_dyn0_sw8,128,224,,,False,False,1,2,1,False,8,9,False,
m4k_tk5k,skewed,4096,4915,4.9936927772126145,out,2,0.09166319966316223,51.16519578590736,m128_n224_cm1_cn2_pp0_dyn0_sw4,128,224,,,False,False,1,2,1,False,4,9,False,
m4k_tk5k,skewed,4096,4915,4.9936927772126145,out,3,0.09169440269470215,51.147784589902635,m128_n224_cm1_cn1_pp0_dyn0_sw8,128,224,,,False,False,1,1,1,False,8,9,False,
m4k_tk5k,skewed,4096,4915,4.9936927772126145,out,4,0.09225919842720032,50.83466621302981,m128_n160_cm1_cn2_pp1_dyn0_sw8,128,160,,,True,False,1,2,1,False,8,9,False,
m4k_tk5k,skewed,4096,4915,4.9936927772126145,out,5,0.09277199804782868,50.553676279673276,m128_n192_cm1_cn2_pp1_dyn0_sw8,128,192,,,True,False,1,2,1,False,8,9,False,
m4k_tk7k,skewed,4096,7373,4.993354129933541,gated,1,0.27800079584121706,50.61442663705298,m128_n192_cm1_cn1_pp1_dyn0_sw8,128,192,,,True,False,1,1,1,False,8,9,False,
m4k_tk7k,skewed,4096,7373,4.993354129933541,gated,2,0.28288880586624143,49.739864548761105,m128_n256_cm1_cn1_pp0_dyn0_sw8,128,256,,,False,False,1,1,1,False,8,9,False,
m4k_tk7k,skewed,4096,7373,4.993354129933541,gated,3,0.28572959899902345,49.24533872388809,m128_n256_cm2_cn1_pp0_dyn0_sw8,128,256,,,False,False,2,1,1,False,8,9,False,
m4k_tk7k,skewed,4096,7373,4.993354129933541,gated,4,0.28764640092849736,48.917180401799406,m128_n256_cm2_cn1_pp0_dyn0_sw4,128,256,,,False,False,2,1,1,False,4,9,False,
m4k_tk7k,skewed,4096,7373,4.993354129933541,gated,5,0.29531840085983274,47.64637369422194,m128_n224_cm1_cn1_pp0_dyn0_sw8,128,224,,,False,False,1,1,1,False,8,9,False,
m4k_tk7k,skewed,4096,7373,4.993354129933541,out,1,0.11861600279808043,59.312616148852946,m128_n128_cm1_cn2_pp1_dyn0_sw8,128,128,,,True,False,1,2,1,False,8,9,False,
m4k_tk7k,skewed,4096,7373,4.993354129933541,out,2,0.12016479969024658,58.54813939863669,m128_n256_cm1_cn2_pp0_dyn0_sw8,128,256,,,False,False,1,2,1,False,8,9,False,
m4k_tk7k,skewed,4096,7373,4.993354129933541,out,3,0.12168400287628173,57.817176266192135,m128_n192_cm1_cn2_pp1_dyn0_sw4,128,192,,,True,False,1,2,1,False,4,9,False,
m4k_tk7k,skewed,4096,7373,4.993354129933541,out,4,0.1224303960800171,57.464695601210444,m128_n224_cm1_cn2_pp0_dyn0_sw8,128,224,,,False,False,1,2,1,False,8,9,False,
m4k_tk7k,skewed,4096,7373,4.993354129933541,out,5,0.12471920251846313,56.41012210635571,m128_n192_cm1_cn2_pp1_dyn0_sw8,128,192,,,True,False,1,2,1,False,8,9,False,
m8k_tk10k,skewed,8192,9830,4.9936927772126145,gated,1,0.3616551995277405,51.87223148736919,m128_n224_cm1_cn1_pp0_dyn0_sw8,128,224,,,False,False,1,1,1,False,8,9,False,
m8k_tk10k,skewed,8192,9830,4.9936927772126145,gated,2,0.36561119556427,51.31096218090481,m128_n192_cm1_cn1_pp1_dyn0_sw8,128,192,,,True,False,1,1,1,False,8,9,False,
m8k_tk10k,skewed,8192,9830,4.9936927772126145,gated,3,0.3684424042701721,50.91667520103735,m128_n256_cm1_cn1_pp0_dyn0_sw8,128,256,,,False,False,1,1,1,False,8,9,False,
m8k_tk10k,skewed,8192,9830,4.9936927772126145,gated,4,0.37474560737609863,50.060259171193046,m128_n224_cm2_cn1_pp0_dyn0_sw4,128,224,,,False,False,2,1,1,False,4,9,False,
m8k_tk10k,skewed,8192,9830,4.9936927772126145,gated,5,0.37967599630355836,49.41018766304829,m128_n224_cm2_cn1_pp0_dyn0_sw8,128,224,,,False,False,2,1,1,False,8,9,False,
m8k_tk10k,skewed,8192,9830,4.9936927772126145,out,1,0.15183839797973633,61.77575131890307,m128_n256_cm1_cn2_pp0_dyn0_sw8,128,256,,,False,False,1,2,1,False,8,9,False,
m8k_tk10k,skewed,8192,9830,4.9936927772126145,out,2,0.1531759977340698,61.23629846068577,m128_n224_cm1_cn2_pp0_dyn0_sw8,128,224,,,False,False,1,2,1,False,8,9,False,
m8k_tk10k,skewed,8192,9830,4.9936927772126145,out,3,0.15589119791984557,60.16972888411375,m128_n224_cm1_cn1_pp0_dyn0_sw8,128,224,,,False,False,1,1,1,False,8,9,False,
m8k_tk10k,skewed,8192,9830,4.9936927772126145,out,4,0.1572207987308502,59.66087941274575,m128_n224_cm1_cn2_pp0_dyn0_sw4,128,224,,,False,False,1,2,1,False,4,9,False,
m8k_tk10k,skewed,8192,9830,4.9936927772126145,out,5,0.16058239936828614,58.411950196014395,m128_n128_cm1_cn2_pp1_dyn0_sw8,128,128,,,True,False,1,2,1,False,8,9,False,
m8k_tk12k,skewed,8192,12288,4.994791666666667,gated,1,0.41885039806365965,55.9884438663951,m128_n256_cm2_cn1_pp0_dyn0_sw8,128,256,,,False,False,2,1,1,False,8,9,False,
m8k_tk12k,skewed,8192,12288,4.994791666666667,gated,2,0.4274967908859253,54.85604219813228,m128_n192_cm1_cn1_pp1_dyn0_sw8,128,192,,,True,False,1,1,1,False,8,9,False,
m8k_tk12k,skewed,8192,12288,4.994791666666667,gated,3,0.43717439174652095,53.64171013475442,m128_n256_cm2_cn1_pp0_dyn0_sw4,128,256,,,False,False,2,1,1,False,4,9,False,
m8k_tk12k,skewed,8192,12288,4.994791666666667,gated,4,0.443011999130249,52.934868686276225,m128_n224_cm2_cn1_pp0_dyn0_sw4,128,224,,,False,False,2,1,1,False,4,9,False,
m8k_tk12k,skewed,8192,12288,4.994791666666667,gated,5,0.44326879978179934,52.90420172127652,m128_n224_cm2_cn1_pp0_dyn0_sw8,128,224,,,False,False,2,1,1,False,8,9,False,
m8k_tk12k,skewed,8192,12288,4.994791666666667,out,1,0.18680480122566223,62.76814580390696,m256_n128_cm1_cn2_pp0_dyn0_sw8,256,128,,,False,False,1,2,1,False,8,9,False,
m8k_tk12k,skewed,8192,12288,4.994791666666667,out,2,0.18925279974937437,61.956235340930476,m128_n224_cm1_cn2_pp0_dyn0_sw4,128,224,,,False,False,1,2,1,False,4,9,False,
m8k_tk12k,skewed,8192,12288,4.994791666666667,out,3,0.1894607961177826,61.888217723485496,m128_n192_cm1_cn2_pp1_dyn0_sw4,128,192,,,True,False,1,2,1,False,4,9,False,
m8k_tk12k,skewed,8192,12288,4.994791666666667,out,4,0.19051519632339478,61.545699379794705,m128_n224_cm1_cn1_pp0_dyn0_sw8,128,224,,,False,False,1,1,1,False,8,9,False,
m8k_tk12k,skewed,8192,12288,4.994791666666667,out,5,0.1917240023612976,61.15765817420247,m192_n128_cm1_cn2_pp1_dyn0_sw4,192,128,,,True,False,1,2,1,False,4,9,False,
m12k_tk18k,skewed,12288,18432,4.994791666666667,gated,1,0.6327104091644287,55.59600804902372,m128_n224_cm2_cn1_pp0_dyn0_sw8,128,224,,,False,False,2,1,1,False,8,9,False,
m12k_tk18k,skewed,12288,18432,4.994791666666667,gated,2,0.638420820236206,55.09872467441149,m128_n224_cm2_cn1_pp0_dyn0_sw4,128,224,,,False,False,2,1,1,False,4,9,False,
m12k_tk18k,skewed,12288,18432,4.994791666666667,gated,3,0.6386415958404541,55.079677286467266,m128_n192_cm1_cn1_pp1_dyn0_sw8,128,192,,,True,False,1,1,1,False,8,9,False,
m12k_tk18k,skewed,12288,18432,4.994791666666667,gated,4,0.6505136013031005,54.07446197918415,m128_n192_cm2_cn1_pp1_dyn0_sw8,128,192,,,True,False,2,1,1,False,8,9,False,
m12k_tk18k,skewed,12288,18432,4.994791666666667,gated,5,0.6540519952774049,53.78192139859968,m128_n256_cm2_cn1_pp0_dyn0_sw8,128,256,,,False,False,2,1,1,False,8,9,False,
m12k_tk18k,skewed,12288,18432,4.994791666666667,out,1,0.2641855955123901,66.57473684812793,m192_n128_cm1_cn2_pp1_dyn0_sw8,192,128,,,True,False,1,2,1,False,8,9,False,
m12k_tk18k,skewed,12288,18432,4.994791666666667,out,2,0.27030239105224607,65.06818689925603,m192_n128_cm2_cn1_pp1_dyn0_sw4,192,128,,,True,False,2,1,1,False,4,9,False,
m12k_tk18k,skewed,12288,18432,4.994791666666667,out,3,0.2719488024711609,64.67425611174914,m128_n192_cm1_cn2_pp1_dyn0_sw4,128,192,,,True,False,1,2,1,False,4,9,False,
m12k_tk18k,skewed,12288,18432,4.994791666666667,out,4,0.27857040166854863,63.13695351320979,m128_n192_cm1_cn1_pp1_dyn0_sw8,128,192,,,True,False,1,1,1,False,8,9,False,
m12k_tk18k,skewed,12288,18432,4.994791666666667,out,5,0.2823184013366699,62.29876060869734,m128_n192_cm1_cn2_pp1_dyn0_sw8,128,192,,,True,False,1,2,1,False,8,9,False,
online_min,skewed,12176,14395,4.9950677318513375,gated,1,0.5011919975280762,54.81301206841628,m128_n192_cm1_cn1_pp1_dyn0_sw8,128,192,,,True,False,1,1,1,False,8,9,False,
online_min,skewed,12176,14395,4.9950677318513375,gated,2,0.5076855897903443,54.111921948474006,m128_n256_cm2_cn1_pp0_dyn0_sw8,128,256,,,False,False,2,1,1,False,8,9,False,
online_min,skewed,12176,14395,4.9950677318513375,gated,3,0.5136696100234985,53.48154236308308,m128_n224_cm2_cn1_pp0_dyn0_sw4,128,224,,,False,False,2,1,1,False,4,9,False,
online_min,skewed,12176,14395,4.9950677318513375,gated,4,0.5158680200576782,53.25362678234741,m128_n224_cm2_cn1_pp0_dyn0_sw8,128,224,,,False,False,2,1,1,False,8,9,False,
online_min,skewed,12176,14395,4.9950677318513375,gated,5,0.5207887887954712,52.75045008676077,m128_n256_cm2_cn1_pp0_dyn0_sw4,128,256,,,False,False,2,1,1,False,4,9,False,
online_min,skewed,12176,14395,4.9950677318513375,out,1,0.2169376015663147,63.317384378619025,m128_n192_cm1_cn1_pp1_dyn0_sw8,128,192,,,True,False,1,1,1,False,8,9,False,
online_min,skewed,12176,14395,4.9950677318513375,out,2,0.21694079637527466,63.316451926308005,m128_n192_cm1_cn2_pp1_dyn0_sw4,128,192,,,True,False,1,2,1,False,4,9,False,
online_min,skewed,12176,14395,4.9950677318513375,out,3,0.21742000579833987,63.176897885332195,m128_n192_cm1_cn2_pp1_dyn0_sw8,128,192,,,True,False,1,2,1,False,8,9,False,
online_min,skewed,12176,14395,4.9950677318513375,out,4,0.22148560285568236,62.01722065655089,m128_n128_cm1_cn2_pp1_dyn0_sw8,128,128,,,True,False,1,2,1,False,8,9,False,
online_min,skewed,12176,14395,4.9950677318513375,out,5,0.22585120201110842,60.818456498072806,m128_n256_cm1_cn2_pp0_dyn0_sw8,128,256,,,False,False,1,2,1,False,8,9,False,
m16k_tk20k,skewed,16384,19661,4.9950663750572195,gated,1,0.6378367900848388,58.826385479522614,m128_n192_cm1_cn1_pp1_dyn0_sw8,128,192,,,True,False,1,1,1,False,8,9,False,
m16k_tk20k,skewed,16384,19661,4.9950663750572195,gated,2,0.6765799999237061,55.45779196958699,m128_n224_cm2_cn1_pp0_dyn0_sw4,128,224,,,False,False,2,1,1,False,4,9,False,
m16k_tk20k,skewed,16384,19661,4.9950663750572195,gated,3,0.6827879905700683,54.95356304557259,m128_n224_cm2_cn1_pp0_dyn0_sw8,128,224,,,False,False,2,1,1,False,8,9,False,
m16k_tk20k,skewed,16384,19661,4.9950663750572195,gated,4,0.6868184089660645,54.63108209786789,m128_n256_cm2_cn1_pp0_dyn0_sw8,128,256,,,False,False,2,1,1,False,8,9,False,
m16k_tk20k,skewed,16384,19661,4.9950663750572195,gated,5,0.6911168098449707,54.29130409223995,m128_n256_cm2_cn1_pp0_dyn0_sw4,128,256,,,False,False,2,1,1,False,4,9,False,
m16k_tk20k,skewed,16384,19661,4.9950663750572195,out,1,0.2796895980834961,67.07727627995426,m192_n128_cm1_cn2_pp1_dyn0_sw8,192,128,,,True,False,1,2,1,False,8,9,False,
m16k_tk20k,skewed,16384,19661,4.9950663750572195,out,2,0.2816463947296143,66.61124301373276,m192_n128_cm2_cn1_pp1_dyn0_sw4,192,128,,,True,False,2,1,1,False,4,9,False,
m16k_tk20k,skewed,16384,19661,4.9950663750572195,out,3,0.28852479457855223,65.02323819580197,m128_n128_cm1_cn2_pp1_dyn0_sw8,128,128,,,True,False,1,2,1,False,8,9,False,
m16k_tk20k,skewed,16384,19661,4.9950663750572195,out,4,0.291595995426178,64.33838851544046,m128_n224_cm1_cn2_pp0_dyn0_sw8,128,224,,,False,False,1,2,1,False,8,9,False,
m16k_tk20k,skewed,16384,19661,4.9950663750572195,out,5,0.29359281063079834,63.90080330294027,m128_n192_cm1_cn1_pp1_dyn0_sw8,128,192,,,True,False,1,1,1,False,8,9,False,
m20k_tk24k,skewed,20000,24000,4.994666666666666,gated,1,0.7662064075469971,59.7780286661601,m128_n192_cm1_cn1_pp1_dyn0_sw8,128,192,,,True,False,1,1,1,False,8,9,False,
m20k_tk24k,skewed,20000,24000,4.994666666666666,gated,2,0.8136688232421876,56.29109446768975,m128_n192_cm2_cn1_pp1_dyn0_sw8,128,192,,,True,False,2,1,1,False,8,9,False,
m20k_tk24k,skewed,20000,24000,4.994666666666666,gated,3,0.8141927719116211,56.25487006842611,m128_n256_cm2_cn1_pp0_dyn0_sw8,128,256,,,False,False,2,1,1,False,8,9,False,
m20k_tk24k,skewed,20000,24000,4.994666666666666,gated,4,0.8266647815704345,55.40614480700172,m128_n224_cm2_cn1_pp0_dyn0_sw8,128,224,,,False,False,2,1,1,False,8,9,False,
m20k_tk24k,skewed,20000,24000,4.994666666666666,gated,5,0.8313855648040771,55.09153698781579,m128_n192_cm2_cn1_pp1_dyn0_sw4,128,192,,,True,False,2,1,1,False,4,9,False,
m20k_tk24k,skewed,20000,24000,4.994666666666666,out,1,0.3485391974449158,65.70610842382897,m128_n192_cm1_cn1_pp1_dyn0_sw8,128,192,,,True,False,1,1,1,False,8,9,False,
m20k_tk24k,skewed,20000,24000,4.994666666666666,out,2,0.3530743956565857,64.8621213517407,m192_n128_cm1_cn2_pp1_dyn0_sw8,192,128,,,True,False,1,2,1,False,8,9,False,
m20k_tk24k,skewed,20000,24000,4.994666666666666,out,3,0.3533951997756958,64.80324099423426,m128_n192_cm1_cn2_pp1_dyn0_sw8,128,192,,,True,False,1,2,1,False,8,9,False,
m20k_tk24k,skewed,20000,24000,4.994666666666666,out,4,0.3535968065261841,64.76629277921413,m128_n192_cm1_cn2_pp1_dyn0_sw4,128,192,,,True,False,1,2,1,False,4,9,False,
m20k_tk24k,skewed,20000,24000,4.994666666666666,out,5,0.35370320081710815,64.7468110109403,m192_n128_cm2_cn1_pp1_dyn0_sw4,192,128,,,True,False,2,1,1,False,4,9,False,
online_target,skewed,24497,29446,4.994634245737961,gated,1,0.9099256038665771,61.758472942905506,m128_n192_cm1_cn1_pp1_dyn0_sw8,128,192,,,True,False,1,1,1,False,8,9,False,
online_target,skewed,24497,29446,4.994634245737961,gated,2,0.9803063869476318,57.32454315780454,m128_n256_cm2_cn1_pp0_dyn0_sw8,128,256,,,False,False,2,1,1,False,8,9,False,
online_target,skewed,24497,29446,4.994634245737961,gated,3,0.980469560623169,57.315002977485626,m128_n256_cm2_cn1_pp0_dyn0_sw4,128,256,,,False,False,2,1,1,False,4,9,False,
online_target,skewed,24497,29446,4.994634245737961,gated,4,0.9908351898193359,56.71540167714208,m128_n192_cm2_cn1_pp1_dyn0_sw8,128,192,,,True,False,2,1,1,False,8,9,False,
online_target,skewed,24497,29446,4.994634245737961,gated,5,0.9970376014709473,56.362584223046916,m128_n192_cm2_cn1_pp1_dyn0_sw4,128,192,,,True,False,2,1,1,False,4,9,False,
online_target,skewed,24497,29446,4.994634245737961,out,1,0.3958480000495911,70.98130567719286,m192_n128_cm1_cn2_pp1_dyn0_sw8,192,128,,,True,False,1,2,1,False,8,9,False,
online_target,skewed,24497,29446,4.994634245737961,out,2,0.4165359973907471,67.4558935343763,m256_n128_cm1_cn2_pp0_dyn0_sw8,256,128,,,False,False,1,2,1,False,8,9,False,
online_target,skewed,24497,29446,4.994634245737961,out,3,0.4185424089431763,67.132522996111,m128_n192_cm1_cn1_pp1_dyn0_sw8,128,192,,,True,False,1,1,1,False,8,9,False,
online_target,skewed,24497,29446,4.994634245737961,out,4,0.4217848062515259,66.61645340650256,m128_n192_cm1_cn2_pp1_dyn0_sw4,128,192,,,True,False,1,2,1,False,4,9,False,
online_target,skewed,24497,29446,4.994634245737961,out,5,0.43135919570922854,65.13784375693639,m128_n128_cm1_cn2_pp1_dyn0_sw8,128,128,,,True,False,1,2,1,False,8,9,False,
m24k_tk36k,skewed,24576,36864,4.994791666666667,gated,1,1.184553575515747,59.39144286537008,m128_n192_cm1_cn1_pp1_dyn0_sw8,128,192,,,True,False,1,1,1,False,8,9,False,
m24k_tk36k,skewed,24576,36864,4.994791666666667,gated,2,1.2040696144104004,58.42880275295622,m128_n256_cm2_cn1_pp0_dyn0_sw8,128,256,,,False,False,2,1,1,False,8,9,False,
m24k_tk36k,skewed,24576,36864,4.994791666666667,gated,3,1.2184432029724122,57.73953667235998,m128_n256_cm2_cn1_pp0_dyn0_sw4,128,256,,,False,False,2,1,1,False,4,9,False,
m24k_tk36k,skewed,24576,36864,4.994791666666667,gated,4,1.251792001724243,56.20130653040493,m128_n192_cm2_cn1_pp1_dyn0_sw8,128,192,,,True,False,2,1,1,False,8,9,False,
m24k_tk36k,skewed,24576,36864,4.994791666666667,gated,5,1.2519248008728026,56.195344921808335,m128_n224_cm2_cn1_pp0_dyn0_sw4,128,224,,,False,False,2,1,1,False,4,9,False,
m24k_tk36k,skewed,24576,36864,4.994791666666667,out,1,0.5111448049545289,68.818410477117,m128_n128_cm1_cn2_pp1_dyn0_sw8,128,128,,,True,False,1,2,1,False,8,9,False,
m24k_tk36k,skewed,24576,36864,4.994791666666667,out,2,0.5213271856307984,67.47427329738044,m192_n128_cm1_cn2_pp1_dyn0_sw8,192,128,,,True,False,1,2,1,False,8,9,False,
m24k_tk36k,skewed,24576,36864,4.994791666666667,out,3,0.5262631893157959,66.84140885160494,m128_n192_cm1_cn2_pp1_dyn0_sw4,128,192,,,True,False,1,2,1,False,4,9,False,
m24k_tk36k,skewed,24576,36864,4.994791666666667,out,4,0.527132797241211,66.7311409661926,m128_n192_cm1_cn2_pp1_dyn0_sw8,128,192,,,True,False,1,2,1,False,8,9,False,
m24k_tk36k,skewed,24576,36864,4.994791666666667,out,5,0.5300871849060058,66.35922165679983,m256_n128_cm1_cn2_pp0_dyn0_sw8,256,128,,,False,False,1,2,1,False,8,9,False,
online_max,skewed,28940,36560,4.994748358862145,gated,1,1.184455966949463,58.90652364678361,m128_n192_cm1_cn1_pp1_dyn0_sw8,128,192,,,True,False,1,1,1,False,8,9,False,
online_max,skewed,28940,36560,4.994748358862145,gated,2,1.214403200149536,57.45388633453131,m128_n256_cm2_cn1_pp0_dyn0_sw4,128,256,,,False,False,2,1,1,False,4,9,False,
online_max,skewed,28940,36560,4.994748358862145,gated,3,1.2172264099121093,57.32062897872916,m128_n256_cm2_cn1_pp0_dyn0_sw8,128,256,,,False,False,2,1,1,False,8,9,False,
online_max,skewed,28940,36560,4.994748358862145,gated,4,1.2209823608398436,57.144300903487455,m128_n192_cm2_cn1_pp1_dyn0_sw8,128,192,,,True,False,2,1,1,False,8,9,False,
online_max,skewed,28940,36560,4.994748358862145,gated,5,1.2573567867279052,55.491157452018726,m128_n192_cm2_cn1_pp1_dyn0_sw4,128,192,,,True,False,2,1,1,False,4,9,False,
online_max,skewed,28940,36560,4.994748358862145,out,1,0.5159735918045044,67.6121651707693,m128_n128_cm1_cn2_pp1_dyn0_sw8,128,128,,,True,False,1,2,1,False,8,9,False,
online_max,skewed,28940,36560,4.994748358862145,out,2,0.5183247804641724,67.3054675904168,m192_n128_cm1_cn2_pp1_dyn0_sw8,192,128,,,True,False,1,2,1,False,8,9,False,
online_max,skewed,28940,36560,4.994748358862145,out,3,0.5191855907440186,67.1938750512081,m128_n192_cm1_cn2_pp1_dyn0_sw8,128,192,,,True,False,1,2,1,False,8,9,False,
online_max,skewed,28940,36560,4.994748358862145,out,4,0.5306024074554443,65.74808410715835,m128_n192_cm1_cn1_pp1_dyn0_sw8,128,192,,,True,False,1,1,1,False,8,9,False,
online_max,skewed,28940,36560,4.994748358862145,out,5,0.5332024097442627,65.42748321331388,m128_n192_cm2_cn1_pp1_dyn0_sw8,128,192,,,True,False,2,1,1,False,8,9,False,
m32k_tk42k,skewed,32768,42598,4.9947884877224284,gated,1,1.3654848098754884,59.53583687516212,m128_n256_cm2_cn1_pp0_dyn0_sw8,128,256,,,False,False,2,1,1,False,8,9,False,
m32k_tk42k,skewed,32768,42598,4.9947884877224284,gated,2,1.419482374191284,57.27107456517372,m128_n256_cm2_cn1_pp0_dyn0_sw4,128,256,,,False,False,2,1,1,False,4,9,False,
m32k_tk42k,skewed,32768,42598,4.9947884877224284,gated,3,1.4197760105133057,57.25922983222357,m128_n192_cm1_cn1_pp1_dyn0_sw8,128,192,,,True,False,1,1,1,False,8,9,False,
m32k_tk42k,skewed,32768,42598,4.9947884877224284,gated,4,1.4200064182281493,57.24993905147077,m128_n256_cm1_cn1_pp0_dyn0_sw8,128,256,,,False,False,1,1,1,False,8,9,False,
m32k_tk42k,skewed,32768,42598,4.9947884877224284,gated,5,1.4253543853759765,57.03513577419203,m128_n192_cm2_cn1_pp1_dyn0_sw8,128,192,,,True,False,2,1,1,False,8,9,False,
m32k_tk42k,skewed,32768,42598,4.9947884877224284,out,1,0.6064496040344238,67.02558659074028,m256_n128_cm1_cn2_pp0_dyn0_sw8,256,128,,,False,False,1,2,1,False,8,9,False,
m32k_tk42k,skewed,32768,42598,4.9947884877224284,out,2,0.6110872030258179,66.51692302974325,m128_n256_cm1_cn1_pp0_dyn0_sw8,128,256,,,False,False,1,1,1,False,8,9,False,
m32k_tk42k,skewed,32768,42598,4.9947884877224284,out,3,0.6111392021179199,66.51126340327029,m192_n128_cm1_cn2_pp1_dyn0_sw8,192,128,,,True,False,1,2,1,False,8,9,False,
m32k_tk42k,skewed,32768,42598,4.9947884877224284,out,4,0.6114495992660522,66.47749953049349,m128_n192_cm1_cn1_pp1_dyn0_sw8,128,192,,,True,False,1,1,1,False,8,9,False,
m32k_tk42k,skewed,32768,42598,4.9947884877224284,out,5,0.6146896123886109,66.1270983418404,m128_n128_cm1_cn2_pp1_dyn0_sw8,128,128,,,True,False,1,2,1,False,8,9,False,
m40k_tk52k,skewed,40960,53248,4.994891826923077,gated,1,1.731592845916748,58.68588310162819,m128_n192_cm1_cn1_pp1_dyn0_sw8,128,192,,,True,False,1,1,1,False,8,9,False,
m40k_tk52k,skewed,40960,53248,4.994891826923077,gated,2,1.7494104385375975,58.088172504580584,m128_n256_cm2_cn1_pp0_dyn0_sw4,128,256,,,False,False,2,1,1,False,4,9,False,
m40k_tk52k,skewed,40960,53248,4.994891826923077,gated,3,1.7628007888793946,57.64693093862603,m128_n256_cm1_cn1_pp0_dyn0_sw8,128,256,,,False,False,1,1,1,False,8,9,False,
m40k_tk52k,skewed,40960,53248,4.994891826923077,gated,4,1.7750999450683593,57.24751195976886,m128_n256_cm2_cn1_pp0_dyn0_sw8,128,256,,,False,False,2,1,1,False,8,9,False,
m40k_tk52k,skewed,40960,53248,4.994891826923077,gated,5,1.785657596588135,56.909037616871174,m128_n192_cm2_cn1_pp1_dyn0_sw4,128,192,,,True,False,2,1,1,False,4,9,False,
m40k_tk52k,skewed,40960,53248,4.994891826923077,out,1,0.7542167901992798,67.36793495954646,m128_n192_cm1_cn2_pp1_dyn0_sw8,128,192,,,True,False,1,2,1,False,8,9,False,
m40k_tk52k,skewed,40960,53248,4.994891826923077,out,2,0.7551528215408325,67.28443067175323,m128_n192_cm1_cn1_pp1_dyn0_sw8,128,192,,,True,False,1,1,1,False,8,9,False,
m40k_tk52k,skewed,40960,53248,4.994891826923077,out,3,0.7604775905609131,66.81331349956874,m128_n128_cm1_cn2_pp1_dyn0_sw8,128,128,,,True,False,1,2,1,False,8,9,False,
m40k_tk52k,skewed,40960,53248,4.994891826923077,out,4,0.7658607959747314,66.34368534672896,m128_n192_cm2_cn1_pp1_dyn0_sw4,128,192,,,True,False,2,1,1,False,4,9,False,
m40k_tk52k,skewed,40960,53248,4.994891826923077,out,5,0.7686439990997314,66.10345976427818,m128_n256_cm1_cn1_pp0_dyn0_sw8,128,256,,,False,False,1,1,1,False,8,9,False,
m48k_tk64k,skewed,49152,65536,4.9951171875,gated,1,2.048852729797363,61.04432764567721,m128_n192_cm1_cn1_pp1_dyn0_sw8,128,192,,,True,False,1,1,1,False,8,9,False,
m48k_tk64k,skewed,49152,65536,4.9951171875,gated,2,2.089473628997803,59.857581162907266,m128_n256_cm2_cn1_pp0_dyn0_sw4,128,256,,,False,False,2,1,1,False,4,9,False,
m48k_tk64k,skewed,49152,65536,4.9951171875,gated,3,2.0952912330627442,59.69138579016098,m128_n192_cm2_cn1_pp1_dyn0_sw8,128,192,,,True,False,2,1,1,False,8,9,False,
m48k_tk64k,skewed,49152,65536,4.9951171875,gated,4,2.100200080871582,59.55186768852331,m128_n256_cm2_cn1_pp0_dyn0_sw8,128,256,,,False,False,2,1,1,False,8,9,False,
m48k_tk64k,skewed,49152,65536,4.9951171875,gated,5,2.1111912727355957,59.241831354024455,m128_n256_cm1_cn1_pp0_dyn0_sw8,128,256,,,False,False,1,1,1,False,8,9,False,
m48k_tk64k,skewed,49152,65536,4.9951171875,out,1,0.915345573425293,68.31891744855758,m128_n192_cm2_cn1_pp1_dyn0_sw8,128,192,,,True,False,2,1,1,False,8,9,False,
m48k_tk64k,skewed,49152,65536,4.9951171875,out,2,0.9155511856079102,68.3035745579017,m128_n192_cm1_cn2_pp1_dyn0_sw4,128,192,,,True,False,1,2,1,False,4,9,False,
m48k_tk64k,skewed,49152,65536,4.9951171875,out,3,0.9159296035766602,68.27535481280161,m256_n128_cm1_cn2_pp0_dyn0_sw8,256,128,,,False,False,1,2,1,False,8,9,False,
m48k_tk64k,skewed,49152,65536,4.9951171875,out,4,0.9186223983764648,68.0752165179814,m128_n192_cm2_cn1_pp1_dyn0_sw4,128,192,,,True,False,2,1,1,False,4,9,False,
m48k_tk64k,skewed,49152,65536,4.9951171875,out,5,0.9226672172546386,67.77678614594866,m128_n192_cm1_cn1_pp1_dyn0_sw8,128,192,,,True,False,1,1,1,False,8,9,False,
