case,distribution,candidate_set,tokens,routed_m,skew_ratio,total_ms,weighted_mfu_percent,gated_ms,out_ms,gated_config,out_config
m4k_tk5k,balanced,before,4096.0,4915.0,1.0026449643947102,0.32942160964012146,42.71090984819112,0.23822160959243777,0.09120000004768372,m192_n128_cm2_cn1_pp1_dyn0_sw8,m128_n192_cm1_cn2_pp1_dyn0_sw8
m4k_tk5k,balanced,current_after,4096.0,4915.0,1.0026449643947102,0.32900720834732056,42.76470640890086,0.23822160959243777,0.09078559875488282,m192_n128_cm2_cn1_pp1_dyn0_sw8,m192_n128_cm1_cn1_pp1_dyn0_sw8
m4k_tk5k,balanced,expanded_after,4096.0,4915.0,1.0026449643947102,0.32900720834732056,42.76470640890086,0.23822160959243777,0.09078559875488282,m192_n128_cm2_cn1_pp1_dyn0_sw8,m192_n128_cm1_cn1_pp1_dyn0_sw8
m4k_tk7k,balanced,before,4096.0,7373.0,1.0004068900040688,0.40489599704742435,52.12764878668167,0.2875631928443909,0.11733280420303345,m128_n256_cm2_cn1_pp0_dyn0_sw8,m256_n128_cm1_cn2_pp0_dyn0_sw8
m4k_tk7k,balanced,current_after,4096.0,7373.0,1.0004068900040688,0.39541759490966794,53.37718048192344,0.2780847907066345,0.11733280420303345,m128_n192_cm1_cn1_pp1_dyn0_sw8,m256_n128_cm1_cn2_pp0_dyn0_sw8
m4k_tk7k,balanced,expanded_after,4096.0,7373.0,1.0004068900040688,0.37603280544281004,56.12881648548465,0.2587000012397766,0.11733280420303345,m128_n256_cm2_cn1_pp0_dyn0_sw4,m256_n128_cm1_cn2_pp0_dyn0_sw8
m8k_tk10k,balanced,before,8192.0,9830.0,1.0010172939979654,0.5304159939289093,53.05230925321985,0.3859295964241028,0.14448639750480652,m128_n256_cm2_cn1_pp0_dyn0_sw8,m128_n128_cm1_cn2_pp1_dyn0_sw8
m8k_tk10k,balanced,current_after,8192.0,9830.0,1.0010172939979654,0.4660111963748932,60.38437179550679,0.32152479887008667,0.14448639750480652,m128_n192_cm1_cn1_pp1_dyn0_sw8,m128_n128_cm1_cn2_pp1_dyn0_sw8
m8k_tk10k,balanced,expanded_after,8192.0,9830.0,1.0010172939979654,0.4660111963748932,60.38437179550679,0.32152479887008667,0.14448639750480652,m128_n192_cm1_cn1_pp1_dyn0_sw8,m128_n128_cm1_cn2_pp1_dyn0_sw8
m8k_tk12k,balanced,before,8192.0,12288.0,1.0,0.5097264111042022,69.00990852015255,0.3336160063743591,0.17611040472984313,m128_n256_cm2_cn1_pp0_dyn0_sw8,m128_n256_cm1_cn2_pp0_dyn0_sw8
m8k_tk12k,balanced,current_after,8192.0,12288.0,1.0,0.5097264111042022,69.00990852015255,0.3336160063743591,0.17611040472984313,m128_n256_cm2_cn1_pp0_dyn0_sw8,m128_n256_cm1_cn2_pp0_dyn0_sw8
m8k_tk12k,balanced,expanded_after,8192.0,12288.0,1.0,0.49913920760154723,70.47367240420654,0.3336160063743591,0.1655232012271881,m128_n256_cm2_cn1_pp0_dyn0_sw8,m192_n128_cm2_cn1_pp1_dyn0_sw4
online_min,balanced,before,12176.0,14395.0,1.0003473428273706,0.7123991966247558,57.84364259376845,0.5026295900344848,0.209769606590271,m128_n256_cm2_cn1_pp0_dyn0_sw8,m192_n128_cm1_cn2_pp1_dyn0_sw8
online_min,balanced,current_after,12176.0,14395.0,1.0003473428273706,0.7123991966247558,57.84364259376845,0.5026295900344848,0.209769606590271,m128_n256_cm2_cn1_pp0_dyn0_sw8,m192_n128_cm1_cn2_pp1_dyn0_sw8
online_min,balanced,expanded_after,12176.0,14395.0,1.0003473428273706,0.7123991966247558,57.84364259376845,0.5026295900344848,0.209769606590271,m128_n256_cm2_cn1_pp0_dyn0_sw8,m192_n128_cm1_cn2_pp1_dyn0_sw8
m12k_tk18k,balanced,before,12288.0,18432.0,1.0,0.849399209022522,62.11950628212905,0.5974832057952881,0.25191600322723384,m128_n224_cm2_cn1_pp0_dyn0_sw8,m192_n128_cm1_cn2_pp1_dyn0_sw8
m12k_tk18k,balanced,current_after,12288.0,18432.0,1.0,0.8074991941452025,65.34280143370901,0.5555831909179687,0.25191600322723384,m128_n192_cm1_cn1_pp1_dyn0_sw8,m192_n128_cm1_cn2_pp1_dyn0_sw8
m12k_tk18k,balanced,expanded_after,12288.0,18432.0,1.0,0.795957589149475,66.29029011117484,0.5555831909179687,0.24037439823150636,m128_n192_cm1_cn1_pp1_dyn0_sw8,m192_n128_cm2_cn1_pp1_dyn0_sw4
m16k_tk20k,balanced,before,16384.0,19661.0,1.0001525863384364,0.9342903733253478,60.24085331148851,0.6481831789016723,0.2861071944236755,m128_n192_cm2_cn1_pp1_dyn0_sw8,m256_n128_cm1_cn2_pp0_dyn0_sw8
m16k_tk20k,balanced,current_after,16384.0,19661.0,1.0001525863384364,0.9186447978019714,61.26682420070776,0.6325376033782959,0.2861071944236755,m128_n192_cm1_cn1_pp1_dyn0_sw8,m256_n128_cm1_cn2_pp0_dyn0_sw8
m16k_tk20k,balanced,expanded_after,16384.0,19661.0,1.0001525863384364,0.8995615839958191,62.566532776803975,0.618127989768982,0.28143359422683717,m128_n224_cm2_cn1_pp0_dyn0_sw4,m256_n192_cm1_cn1_pp0_dyn0_sw8
m20k_tk24k,balanced,before,20000.0,24000.0,1.0,1.0855752229690552,63.287611432310975,0.7487768173217774,0.3367984056472778,m256_n192_cm2_cn1_pp0_dyn0_sw8,m192_n128_cm1_cn2_pp1_dyn0_sw8
m20k_tk24k,balanced,current_after,20000.0,24000.0,1.0,1.0855752229690552,63.287611432310975,0.7487768173217774,0.3367984056472778,m256_n192_cm2_cn1_pp0_dyn0_sw8,m192_n128_cm1_cn2_pp1_dyn0_sw8
m20k_tk24k,balanced,expanded_after,20000.0,24000.0,1.0,1.0855752229690552,63.287611432310975,0.7487768173217774,0.3367984056472778,m256_n192_cm2_cn1_pp0_dyn0_sw8,m192_n128_cm1_cn2_pp1_dyn0_sw8
online_target,balanced,before,24497.0,29446.0,1.000339604700129,1.443229603767395,58.4061077043026,1.0230696201324463,0.4201599836349487,m128_n256_cm2_cn1_pp0_dyn0_sw8,m192_n128_cm1_cn2_pp1_dyn0_sw8
online_target,balanced,current_after,24497.0,29446.0,1.000339604700129,1.393791174888611,60.47779982995875,0.9736311912536622,0.4201599836349487,m128_n192_cm1_cn1_pp1_dyn0_sw8,m192_n128_cm1_cn2_pp1_dyn0_sw8
online_target,balanced,expanded_after,24497.0,29446.0,1.000339604700129,1.369219195842743,61.563133160570786,0.9736311912536622,0.39558800458908083,m128_n192_cm1_cn1_pp1_dyn0_sw8,m192_n128_cm2_cn1_pp1_dyn0_sw4
online_max,balanced,before,28940.0,36560.0,1.0,1.6281999588012694,64.27851479346333,1.1301999568939207,0.4980000019073486,m128_n192_cm2_cn1_pp1_dyn0_sw8,m192_n128_cm1_cn2_pp1_dyn0_sw8
online_max,balanced,current_after,28940.0,36560.0,1.0,1.627356004714966,64.31184991808527,1.1293560028076173,0.4980000019073486,m128_n192_cm1_cn1_pp1_dyn0_sw8,m192_n128_cm1_cn2_pp1_dyn0_sw8
online_max,balanced,expanded_after,28940.0,36560.0,1.0,1.627356004714966,64.31184991808527,1.1293560028076173,0.4980000019073486,m128_n192_cm1_cn1_pp1_dyn0_sw8,m192_n128_cm1_cn2_pp1_dyn0_sw8
m24k_tk36k,balanced,before,24576.0,36864.0,1.0,1.6279327869415283,64.82363390449385,1.1368167877197266,0.4911159992218017,m128_n192_cm2_cn1_pp1_dyn0_sw8,m192_n128_cm1_cn2_pp1_dyn0_sw8
m24k_tk36k,balanced,current_after,24576.0,36864.0,1.0,1.624055242538452,64.97840482130118,1.1329392433166503,0.4911159992218017,m128_n192_cm1_cn1_pp1_dyn0_sw8,m192_n128_cm1_cn2_pp1_dyn0_sw8
m24k_tk36k,balanced,expanded_after,24576.0,36864.0,1.0,1.624055242538452,64.97840482130118,1.1329392433166503,0.4911159992218017,m128_n192_cm1_cn1_pp1_dyn0_sw8,m192_n128_cm1_cn2_pp1_dyn0_sw8
m32k_tk42k,balanced,before,32768.0,42598.0,1.000234752805296,1.9845831871032713,61.44510451203512,1.3917984008789062,0.5927847862243651,m128_n256_cm2_cn1_pp0_dyn0_sw8,m128_n128_cm1_cn2_pp1_dyn0_sw8
m32k_tk42k,balanced,current_after,32768.0,42598.0,1.000234752805296,1.940876770019531,62.828780903571314,1.348091983795166,0.5927847862243651,m128_n192_cm1_cn1_pp1_dyn0_sw8,m128_n128_cm1_cn2_pp1_dyn0_sw8
m32k_tk42k,balanced,expanded_after,32768.0,42598.0,1.000234752805296,1.9277639865875242,63.25614659927762,1.348091983795166,0.5796720027923584,m128_n192_cm1_cn1_pp1_dyn0_sw8,m192_n128_cm2_cn1_pp1_dyn0_sw4
m40k_tk52k,balanced,before,40960.0,53248.0,1.0,2.4272703886032105,62.79897110694201,1.6934495925903321,0.7338207960128784,m128_n192_cm2_cn1_pp1_dyn0_sw8,m128_n192_cm2_cn1_pp1_dyn0_sw8
m40k_tk52k,balanced,current_after,40960.0,53248.0,1.0,2.4015375852584837,63.47187066248746,1.6677167892456053,0.7338207960128784,m128_n192_cm1_cn1_pp1_dyn0_sw8,m128_n192_cm2_cn1_pp1_dyn0_sw8
m40k_tk52k,balanced,expanded_after,40960.0,53248.0,1.0,2.4015375852584837,63.47187066248746,1.6677167892456053,0.7338207960128784,m128_n192_cm1_cn1_pp1_dyn0_sw8,m128_n192_cm2_cn1_pp1_dyn0_sw8
m48k_tk64k,balanced,before,49152.0,65536.0,1.0,2.9395095825195314,63.82229781419297,2.034558391571045,0.9049511909484863,m128_n256_cm2_cn1_pp0_dyn0_sw8,m128_n192_cm2_cn1_pp1_dyn0_sw8
m48k_tk64k,balanced,current_after,49152.0,65536.0,1.0,2.9395095825195314,63.82229781419297,2.034558391571045,0.9049511909484863,m128_n256_cm2_cn1_pp0_dyn0_sw8,m128_n192_cm2_cn1_pp1_dyn0_sw8
m48k_tk64k,balanced,expanded_after,49152.0,65536.0,1.0,2.937517595291138,63.86557694291595,2.034558391571045,0.9029592037200928,m128_n256_cm2_cn1_pp0_dyn0_sw8,m128_n192_cm2_cn1_pp1_dyn0_sw4
m4k_tk5k,random,before,4096.0,4915.0,1.0970498474059003,0.3460512012243271,40.65842459614654,0.26276240348815916,0.0832887977361679,m192_n128_cm2_cn1_pp1_dyn0_sw8,m192_n128_cm2_cn1_pp1_dyn0_sw8
m4k_tk5k,random,current_after,4096.0,4915.0,1.0970498474059003,0.31634560525417327,44.47634624189117,0.23305680751800537,0.0832887977361679,m128_n256_cm1_cn1_pp0_dyn0_sw8,m192_n128_cm2_cn1_pp1_dyn0_sw8
m4k_tk5k,random,expanded_after,4096.0,4915.0,1.0970498474059003,0.31634560525417327,44.47634624189117,0.23305680751800537,0.0832887977361679,m128_n256_cm1_cn1_pp0_dyn0_sw8,m192_n128_cm2_cn1_pp1_dyn0_sw8
m4k_tk7k,random,before,4096.0,7373.0,1.0937203309372032,0.34841359257698057,60.57822306274716,0.23385119438171387,0.11456239819526673,m128_n256_cm2_cn1_pp0_dyn0_sw8,m256_n192_cm2_cn1_pp0_dyn0_sw8
m4k_tk7k,random,current_after,4096.0,7373.0,1.0937203309372032,0.34841359257698057,60.57822306274716,0.23385119438171387,0.11456239819526673,m128_n256_cm2_cn1_pp0_dyn0_sw8,m256_n192_cm2_cn1_pp0_dyn0_sw8
m4k_tk7k,random,expanded_after,4096.0,7373.0,1.0937203309372032,0.34841359257698057,60.57822306274716,0.23385119438171387,0.11456239819526673,m128_n256_cm2_cn1_pp0_dyn0_sw8,m256_n192_cm2_cn1_pp0_dyn0_sw8
m8k_tk10k,random,before,8192.0,9830.0,1.0596134282807732,0.5002183973789215,56.25501478997831,0.3555055975914001,0.14471279978752136,m128_n256_cm2_cn1_pp0_dyn0_sw8,m128_n128_cm1_cn2_pp1_dyn0_sw8
m8k_tk10k,random,current_after,8192.0,9830.0,1.0596134282807732,0.46977439522743225,59.90065365130667,0.32506159543991087,0.14471279978752136,m128_n192_cm1_cn1_pp1_dyn0_sw8,m128_n128_cm1_cn2_pp1_dyn0_sw8
m8k_tk10k,random,expanded_after,8192.0,9830.0,1.0596134282807732,0.46977439522743225,59.90065365130667,0.32506159543991087,0.14471279978752136,m128_n192_cm1_cn1_pp1_dyn0_sw8,m128_n128_cm1_cn2_pp1_dyn0_sw8
m8k_tk12k,random,before,8192.0,12288.0,1.0598958333333333,0.656001603603363,53.62208385983638,0.46004960536956785,0.19595199823379517,m128_n256_cm2_cn1_pp0_dyn0_sw8,m192_n128_cm1_cn2_pp1_dyn0_sw8
m8k_tk12k,random,current_after,8192.0,12288.0,1.0598958333333333,0.6452104032039643,54.51891790016096,0.46004960536956785,0.18516079783439637,m128_n256_cm2_cn1_pp0_dyn0_sw8,m128_n192_cm1_cn2_pp1_dyn0_sw4
m8k_tk12k,random,expanded_after,8192.0,12288.0,1.0598958333333333,0.6268792092800141,56.11315940914257,0.4417184114456177,0.18516079783439637,m128_n256_cm2_cn1_pp0_dyn0_sw4,m128_n192_cm1_cn2_pp1_dyn0_sw4
online_min,random,before,12176.0,14395.0,1.0292462660646058,0.7175055980682373,57.43197631432439,0.5079071998596192,0.20959839820861814,m128_n256_cm2_cn1_pp0_dyn0_sw8,m192_n128_cm1_cn2_pp1_dyn0_sw8
online_min,random,current_after,12176.0,14395.0,1.0292462660646058,0.7070887804031372,58.27806303213593,0.497490382194519,0.20959839820861814,m128_n192_cm1_cn1_pp1_dyn0_sw8,m192_n128_cm1_cn2_pp1_dyn0_sw8
online_min,random,expanded_after,12176.0,14395.0,1.0292462660646058,0.7070887804031372,58.27806303213593,0.497490382194519,0.20959839820861814,m128_n192_cm1_cn1_pp1_dyn0_sw8,m192_n128_cm1_cn2_pp1_dyn0_sw8
m12k_tk18k,random,before,12288.0,18432.0,1.0642361111111112,0.8678256034851074,60.80053329725883,0.607202410697937,0.2606231927871704,m128_n224_cm2_cn1_pp0_dyn0_sw8,m192_n128_cm1_cn2_pp1_dyn0_sw8
m12k_tk18k,random,current_after,12288.0,18432.0,1.0642361111111112,0.8678256034851074,60.80053329725883,0.607202410697937,0.2606231927871704,m128_n224_cm2_cn1_pp0_dyn0_sw8,m192_n128_cm1_cn2_pp1_dyn0_sw8
m12k_tk18k,random,expanded_after,12288.0,18432.0,1.0642361111111112,0.8678256034851074,60.80053329725883,0.607202410697937,0.2606231927871704,m128_n224_cm2_cn1_pp0_dyn0_sw8,m192_n128_cm1_cn2_pp1_dyn0_sw8
m16k_tk20k,random,before,16384.0,19661.0,1.0506078022481053,0.9059567928314208,62.12487148965068,0.6245471954345703,0.28140959739685056,m128_n256_cm2_cn1_pp0_dyn0_sw8,m256_n128_cm1_cn2_pp0_dyn0_sw8
m16k_tk20k,random,current_after,16384.0,19661.0,1.0506078022481053,0.9059567928314208,62.12487148965068,0.6245471954345703,0.28140959739685056,m128_n256_cm2_cn1_pp0_dyn0_sw8,m256_n128_cm1_cn2_pp0_dyn0_sw8
m16k_tk20k,random,expanded_after,16384.0,19661.0,1.0506078022481053,0.9059567928314208,62.12487148965068,0.6245471954345703,0.28140959739685056,m128_n256_cm2_cn1_pp0_dyn0_sw8,m256_n128_cm1_cn2_pp0_dyn0_sw8
m20k_tk24k,random,before,20000.0,24000.0,1.0526666666666666,1.0285607933998109,66.79572401813711,0.7052304029464722,0.3233303904533386,m128_n256_cm2_cn1_pp0_dyn0_sw8,m192_n128_cm1_cn2_pp1_dyn0_sw8
m20k_tk24k,random,current_after,20000.0,24000.0,1.0526666666666666,1.0285607933998109,66.79572401813711,0.7052304029464722,0.3233303904533386,m128_n256_cm2_cn1_pp0_dyn0_sw8,m192_n128_cm1_cn2_pp1_dyn0_sw8
m20k_tk24k,random,expanded_after,20000.0,24000.0,1.0526666666666666,1.0285607933998109,66.79572401813711,0.7052304029464722,0.3233303904533386,m128_n256_cm2_cn1_pp0_dyn0_sw8,m192_n128_cm1_cn2_pp1_dyn0_sw8
online_target,random,before,24497.0,29446.0,1.0209875704679752,1.4355520129203798,58.718474092900465,1.0310984134674073,0.40445359945297243,m256_n192_cm2_cn1_pp0_dyn0_sw8,m192_n128_cm1_cn2_pp1_dyn0_sw8
online_target,random,current_after,24497.0,29446.0,1.0209875704679752,1.3631760001182558,61.83605321129772,0.9587224006652832,0.40445359945297243,m128_n192_cm1_cn1_pp1_dyn0_sw8,m192_n128_cm1_cn2_pp1_dyn0_sw8
online_target,random,expanded_after,24497.0,29446.0,1.0209875704679752,1.3631760001182558,61.83605321129772,0.9587224006652832,0.40445359945297243,m128_n192_cm1_cn1_pp1_dyn0_sw8,m192_n128_cm1_cn2_pp1_dyn0_sw8
online_max,random,before,28940.0,36560.0,1.037636761487965,1.6900720119476318,61.925334777845364,1.1864488124847412,0.5036231994628906,m128_n192_cm2_cn1_pp1_dyn0_sw8,m128_n192_cm1_cn2_pp1_dyn0_sw8
online_max,random,current_after,28940.0,36560.0,1.037636761487965,1.6768703937530518,62.412858816288754,1.1732471942901612,0.5036231994628906,m128_n192_cm1_cn1_pp1_dyn0_sw8,m128_n192_cm1_cn2_pp1_dyn0_sw8
online_max,random,expanded_after,28940.0,36560.0,1.037636761487965,1.6768703937530518,62.412858816288754,1.1732471942901612,0.5036231994628906,m128_n192_cm1_cn1_pp1_dyn0_sw8,m128_n192_cm1_cn2_pp1_dyn0_sw8
m24k_tk36k,random,before,24576.0,36864.0,1.0355902777777777,1.6648808002471926,63.385029718735254,1.1697008132934572,0.49517998695373533,m128_n256_cm2_cn1_pp0_dyn0_sw8,m192_n128_cm1_cn2_pp1_dyn0_sw8
m24k_tk36k,random,current_after,24576.0,36864.0,1.0355902777777777,1.6437680244445803,64.19915549669942,1.1485880374908448,0.49517998695373533,m128_n192_cm1_cn1_pp1_dyn0_sw8,m192_n128_cm1_cn2_pp1_dyn0_sw8
m24k_tk36k,random,expanded_after,24576.0,36864.0,1.0355902777777777,1.6437680244445803,64.19915549669942,1.1485880374908448,0.49517998695373533,m128_n192_cm1_cn1_pp1_dyn0_sw8,m192_n128_cm1_cn2_pp1_dyn0_sw8
m32k_tk42k,random,before,32768.0,42598.0,1.042678060002817,1.9419528245925903,62.793966877115636,1.3586944103240968,0.5832584142684936,m128_n256_cm2_cn1_pp0_dyn0_sw8,m128_n128_cm1_cn2_pp1_dyn0_sw8
m32k_tk42k,random,current_after,32768.0,42598.0,1.042678060002817,1.9419528245925903,62.793966877115636,1.3586944103240968,0.5832584142684936,m128_n256_cm2_cn1_pp0_dyn0_sw8,m128_n128_cm1_cn2_pp1_dyn0_sw8
m32k_tk42k,random,expanded_after,32768.0,42598.0,1.042678060002817,1.9419528245925903,62.793966877115636,1.3586944103240968,0.5832584142684936,m128_n256_cm2_cn1_pp0_dyn0_sw8,m128_n128_cm1_cn2_pp1_dyn0_sw8
m40k_tk52k,random,before,40960.0,53248.0,1.0375600961538463,2.423038387298584,62.908653780170354,1.6764023780822754,0.7466360092163086,m128_n256_cm2_cn1_pp0_dyn0_sw8,m256_n128_cm1_cn2_pp0_dyn0_sw8
m40k_tk52k,random,current_after,40960.0,53248.0,1.0375600961538463,2.421627974510193,62.94529325193311,1.6764023780822754,0.7452255964279175,m128_n256_cm2_cn1_pp0_dyn0_sw8,m128_n192_cm1_cn2_pp1_dyn0_sw4
m40k_tk52k,random,expanded_after,40960.0,53248.0,1.0375600961538463,2.421627974510193,62.94529325193311,1.6764023780822754,0.7452255964279175,m128_n256_cm2_cn1_pp0_dyn0_sw8,m128_n192_cm1_cn2_pp1_dyn0_sw4
m48k_tk64k,random,before,49152.0,65536.0,1.02197265625,2.9769895553588865,63.01878206644195,2.0445703506469726,0.932419204711914,m128_n256_cm2_cn1_pp0_dyn0_sw8,m128_n192_cm2_cn1_pp1_dyn0_sw8
m48k_tk64k,random,current_after,49152.0,65536.0,1.02197265625,2.9703727722167965,63.15916229706906,2.0445703506469726,0.9258024215698242,m128_n256_cm2_cn1_pp0_dyn0_sw8,m128_n256_cm1_cn1_pp0_dyn0_sw8
m48k_tk64k,random,expanded_after,49152.0,65536.0,1.02197265625,2.954940748214722,63.48900772937025,2.0445703506469726,0.9103703975677491,m128_n256_cm2_cn1_pp0_dyn0_sw8,m128_n192_cm2_cn1_pp1_dyn0_sw4
m4k_tk5k,skewed,before,4096.0,4915.0,4.9936927772126145,0.3278743982315063,42.91245900038444,0.2393664002418518,0.08850799798965454,m128_n224_cm2_cn1_pp0_dyn0_sw8,m128_n224_cm1_cn2_pp0_dyn0_sw8
m4k_tk5k,skewed,current_after,4096.0,4915.0,4.9936927772126145,0.3028127908706665,46.46401042350484,0.21430479288101195,0.08850799798965454,m128_n192_cm1_cn1_pp1_dyn0_sw8,m128_n224_cm1_cn2_pp0_dyn0_sw8
m4k_tk5k,skewed,expanded_after,4096.0,4915.0,4.9936927772126145,0.3028127908706665,46.46401042350484,0.21430479288101195,0.08850799798965454,m128_n192_cm1_cn1_pp1_dyn0_sw8,m128_n224_cm1_cn2_pp0_dyn0_sw8
m4k_tk7k,skewed,before,4096.0,7373.0,4.993354129933541,0.4043456017971039,52.19860494442161,0.28572959899902345,0.11861600279808043,m128_n256_cm2_cn1_pp0_dyn0_sw8,m128_n128_cm1_cn2_pp1_dyn0_sw8
m4k_tk7k,skewed,current_after,4096.0,7373.0,4.993354129933541,0.3966167986392975,53.21579015723059,0.27800079584121706,0.11861600279808043,m128_n192_cm1_cn1_pp1_dyn0_sw8,m128_n128_cm1_cn2_pp1_dyn0_sw8
m4k_tk7k,skewed,expanded_after,4096.0,7373.0,4.993354129933541,0.3966167986392975,53.21579015723059,0.27800079584121706,0.11861600279808043,m128_n192_cm1_cn1_pp1_dyn0_sw8,m128_n128_cm1_cn2_pp1_dyn0_sw8
m8k_tk10k,skewed,before,8192.0,9830.0,4.9936927772126145,0.5315143942832947,52.94267407511093,0.37967599630355836,0.15183839797973633,m128_n224_cm2_cn1_pp0_dyn0_sw8,m128_n256_cm1_cn2_pp0_dyn0_sw8
m8k_tk10k,skewed,current_after,8192.0,9830.0,4.9936927772126145,0.5134935975074768,54.80067030896279,0.3616551995277405,0.15183839797973633,m128_n224_cm1_cn1_pp0_dyn0_sw8,m128_n256_cm1_cn2_pp0_dyn0_sw8
m8k_tk10k,skewed,expanded_after,8192.0,9830.0,4.9936927772126145,0.5134935975074768,54.80067030896279,0.3616551995277405,0.15183839797973633,m128_n224_cm1_cn1_pp0_dyn0_sw8,m128_n256_cm1_cn2_pp0_dyn0_sw8
m8k_tk12k,skewed,before,8192.0,12288.0,4.994791666666667,0.6056551992893219,58.0795360823824,0.41885039806365965,0.18680480122566223,m128_n256_cm2_cn1_pp0_dyn0_sw8,m256_n128_cm1_cn2_pp0_dyn0_sw8
m8k_tk12k,skewed,current_after,8192.0,12288.0,4.994791666666667,0.6056551992893219,58.0795360823824,0.41885039806365965,0.18680480122566223,m128_n256_cm2_cn1_pp0_dyn0_sw8,m256_n128_cm1_cn2_pp0_dyn0_sw8
m8k_tk12k,skewed,expanded_after,8192.0,12288.0,4.994791666666667,0.6056551992893219,58.0795360823824,0.41885039806365965,0.18680480122566223,m128_n256_cm2_cn1_pp0_dyn0_sw8,m256_n128_cm1_cn2_pp0_dyn0_sw8
online_min,skewed,before,12176.0,14395.0,4.9950677318513375,0.7251055955886841,56.83001864051983,0.5076855897903443,0.21742000579833987,m128_n256_cm2_cn1_pp0_dyn0_sw8,m128_n192_cm1_cn2_pp1_dyn0_sw8
online_min,skewed,current_after,12176.0,14395.0,4.9950677318513375,0.7181327939033508,57.38181693342367,0.5011919975280762,0.21694079637527466,m128_n192_cm1_cn1_pp1_dyn0_sw8,m128_n192_cm1_cn2_pp1_dyn0_sw4
online_min,skewed,expanded_after,12176.0,14395.0,4.9950677318513375,0.7181295990943909,57.38207221317138,0.5011919975280762,0.2169376015663147,m128_n192_cm1_cn1_pp1_dyn0_sw8,m128_n192_cm1_cn1_pp1_dyn0_sw8
m12k_tk18k,skewed,before,12288.0,18432.0,4.994791666666667,0.8968960046768188,58.82985231930286,0.6327104091644287,0.2641855955123901,m128_n224_cm2_cn1_pp0_dyn0_sw8,m192_n128_cm1_cn2_pp1_dyn0_sw8
m12k_tk18k,skewed,current_after,12288.0,18432.0,4.994791666666667,0.8968960046768188,58.82985231930286,0.6327104091644287,0.2641855955123901,m128_n224_cm2_cn1_pp0_dyn0_sw8,m192_n128_cm1_cn2_pp1_dyn0_sw8
m12k_tk18k,skewed,expanded_after,12288.0,18432.0,4.994791666666667,0.8968960046768188,58.82985231930286,0.6327104091644287,0.2641855955123901,m128_n224_cm2_cn1_pp0_dyn0_sw8,m192_n128_cm1_cn2_pp1_dyn0_sw8
m16k_tk20k,skewed,before,16384.0,19661.0,4.9950663750572195,0.9624775886535644,58.476633631088625,0.6827879905700683,0.2796895980834961,m128_n224_cm2_cn1_pp0_dyn0_sw8,m192_n128_cm1_cn2_pp1_dyn0_sw8
m16k_tk20k,skewed,current_after,16384.0,19661.0,4.9950663750572195,0.9175263881683349,61.34150478460375,0.6378367900848388,0.2796895980834961,m128_n192_cm1_cn1_pp1_dyn0_sw8,m192_n128_cm1_cn2_pp1_dyn0_sw8
m16k_tk20k,skewed,expanded_after,16384.0,19661.0,4.9950663750572195,0.9175263881683349,61.34150478460375,0.6378367900848388,0.2796895980834961,m128_n192_cm1_cn1_pp1_dyn0_sw8,m192_n128_cm1_cn2_pp1_dyn0_sw8
m20k_tk24k,skewed,before,20000.0,24000.0,4.994666666666666,1.1667432188987732,58.88481868071661,0.8136688232421876,0.3530743956565857,m128_n192_cm2_cn1_pp1_dyn0_sw8,m192_n128_cm1_cn2_pp1_dyn0_sw8
m20k_tk24k,skewed,current_after,20000.0,24000.0,4.994666666666666,1.1192808032035828,61.38179328651777,0.7662064075469971,0.3530743956565857,m128_n192_cm1_cn1_pp1_dyn0_sw8,m192_n128_cm1_cn2_pp1_dyn0_sw8
m20k_tk24k,skewed,expanded_after,20000.0,24000.0,4.994666666666666,1.1147456049919129,61.63151716781905,0.7662064075469971,0.3485391974449158,m128_n192_cm1_cn1_pp1_dyn0_sw8,m128_n192_cm1_cn1_pp1_dyn0_sw8
online_target,skewed,before,24497.0,29446.0,4.994634245737961,1.3761543869972228,61.2528830167124,0.9803063869476318,0.3958480000495911,m128_n256_cm2_cn1_pp0_dyn0_sw8,m192_n128_cm1_cn2_pp1_dyn0_sw8
online_target,skewed,current_after,24497.0,29446.0,4.994634245737961,1.305773603916168,64.55439398290069,0.9099256038665771,0.3958480000495911,m128_n192_cm1_cn1_pp1_dyn0_sw8,m192_n128_cm1_cn2_pp1_dyn0_sw8
online_target,skewed,expanded_after,24497.0,29446.0,4.994634245737961,1.305773603916168,64.55439398290069,0.9099256038665771,0.3958480000495911,m128_n192_cm1_cn1_pp1_dyn0_sw8,m192_n128_cm1_cn2_pp1_dyn0_sw8
online_max,skewed,before,28940.0,36560.0,4.994748358862145,1.7332000017166136,60.38441901388589,1.2172264099121093,0.5159735918045044,m128_n256_cm2_cn1_pp0_dyn0_sw8,m128_n128_cm1_cn2_pp1_dyn0_sw8
online_max,skewed,current_after,28940.0,36560.0,4.994748358862145,1.7004295587539673,61.548139174441765,1.184455966949463,0.5159735918045044,m128_n192_cm1_cn1_pp1_dyn0_sw8,m128_n128_cm1_cn2_pp1_dyn0_sw8
online_max,skewed,expanded_after,28940.0,36560.0,4.994748358862145,1.7004295587539673,61.548139174441765,1.184455966949463,0.5159735918045044,m128_n192_cm1_cn1_pp1_dyn0_sw8,m128_n128_cm1_cn2_pp1_dyn0_sw8
m24k_tk36k,skewed,before,24576.0,36864.0,4.994791666666667,1.7152144193649292,61.524971927937,1.2040696144104004,0.5111448049545289,m128_n256_cm2_cn1_pp0_dyn0_sw8,m128_n128_cm1_cn2_pp1_dyn0_sw8
m24k_tk36k,skewed,current_after,24576.0,36864.0,4.994791666666667,1.6956983804702759,62.23307176394973,1.184553575515747,0.5111448049545289,m128_n192_cm1_cn1_pp1_dyn0_sw8,m128_n128_cm1_cn2_pp1_dyn0_sw8
m24k_tk36k,skewed,expanded_after,24576.0,36864.0,4.994791666666667,1.6956983804702759,62.23307176394973,1.184553575515747,0.5111448049545289,m128_n192_cm1_cn1_pp1_dyn0_sw8,m128_n128_cm1_cn2_pp1_dyn0_sw8
m32k_tk42k,skewed,before,32768.0,42598.0,4.9947884877224284,1.9719344139099122,61.83923789970392,1.3654848098754884,0.6064496040344238,m128_n256_cm2_cn1_pp0_dyn0_sw8,m256_n128_cm1_cn2_pp0_dyn0_sw8
m32k_tk42k,skewed,current_after,32768.0,42598.0,4.9947884877224284,1.9719344139099122,61.83923789970392,1.3654848098754884,0.6064496040344238,m128_n256_cm2_cn1_pp0_dyn0_sw8,m256_n128_cm1_cn2_pp0_dyn0_sw8
m32k_tk42k,skewed,expanded_after,32768.0,42598.0,4.9947884877224284,1.9719344139099122,61.83923789970392,1.3654848098754884,0.6064496040344238,m128_n256_cm2_cn1_pp0_dyn0_sw8,m256_n128_cm1_cn2_pp0_dyn0_sw8
m40k_tk52k,skewed,before,40960.0,53248.0,4.994891826923077,2.5293167352676393,60.26532022550333,1.7750999450683593,0.7542167901992798,m128_n256_cm2_cn1_pp0_dyn0_sw8,m128_n192_cm1_cn2_pp1_dyn0_sw8
m40k_tk52k,skewed,current_after,40960.0,53248.0,4.994891826923077,2.485809636116028,61.32009498554943,1.731592845916748,0.7542167901992798,m128_n192_cm1_cn1_pp1_dyn0_sw8,m128_n192_cm1_cn2_pp1_dyn0_sw8
m40k_tk52k,skewed,expanded_after,40960.0,53248.0,4.994891826923077,2.485809636116028,61.32009498554943,1.731592845916748,0.7542167901992798,m128_n192_cm1_cn1_pp1_dyn0_sw8,m128_n192_cm1_cn2_pp1_dyn0_sw8
m48k_tk64k,skewed,before,49152.0,65536.0,4.9951171875,3.010636806488037,62.314476325718516,2.0952912330627442,0.915345573425293,m128_n192_cm2_cn1_pp1_dyn0_sw8,m128_n192_cm2_cn1_pp1_dyn0_sw8
m48k_tk64k,skewed,current_after,49152.0,65536.0,4.9951171875,2.964198303222656,63.29072376813365,2.048852729797363,0.915345573425293,m128_n192_cm1_cn1_pp1_dyn0_sw8,m128_n192_cm2_cn1_pp1_dyn0_sw8
m48k_tk64k,skewed,expanded_after,49152.0,65536.0,4.9951171875,2.964198303222656,63.29072376813365,2.048852729797363,0.915345573425293,m128_n192_cm1_cn1_pp1_dyn0_sw8,m128_n192_cm2_cn1_pp1_dyn0_sw8
