case,op,tokens,routed_m,ms,mfu_percent,status,error,config_label,config_tile_m,config_tile_n,config_tile_k,config_num_warps,config_pingpong,config_is_dynamic_persistent,config_cluster_m,config_cluster_n,config_cluster_k,config_swap_ab,config_max_swizzle_size,config_device_capacity,config_use_tma_gather
online_target,gated,24497,29446,1.0478783925374349,53.62799365523077,ok,,m256_n128_cm2_cn1_pp0_dyn0_sw8,256,128,,,False,False,2,1,1,False,8,9,False
online_target,gated,24497,29446,1.144221878051758,49.11251643093386,ok,,m256_n160_cm2_cn1_pp0_dyn0_sw8,256,160,,,False,False,2,1,1,False,8,9,False
online_target,gated,24497,29446,1.0053205490112305,55.898206638391514,ok,,m256_n192_cm2_cn1_pp0_dyn0_sw8,256,192,,,False,False,2,1,1,False,8,9,False
online_target,gated,24497,29446,0.9304330825805665,60.39726750750499,ok,,m128_n224_cm2_cn1_pp0_dyn0_sw8,128,224,,,False,False,2,1,1,False,8,9,False
online_target,gated,24497,29446,0.9838325500488281,57.11908574651443,ok,,m128_n256_cm2_cn1_pp0_dyn0_sw8,128,256,,,False,False,2,1,1,False,8,9,False
online_target,gated,24497,29446,1.0829184214274088,51.89275080608453,ok,,m128_n128_cm2_cn1_pp1_dyn0_sw8,128,128,,,True,False,2,1,1,False,8,9,False
online_target,gated,24497,29446,1.0379648208618164,54.14019305566836,ok,,m128_n160_cm2_cn1_pp1_dyn0_sw8,128,160,,,True,False,2,1,1,False,8,9,False
online_target,gated,24497,29446,0.9676287968953451,58.07559258959184,ok,,m128_n192_cm2_cn1_pp1_dyn0_sw8,128,192,,,True,False,2,1,1,False,8,9,False
online_target,gated,24497,29446,1.0941504160563151,51.360046079403595,ok,,m192_n128_cm2_cn1_pp1_dyn0_sw8,192,128,,,True,False,2,1,1,False,8,9,False
online_target,gated,24497,29446,1.1015380859375,51.015590385714034,ok,,m256_n128_cm1_cn1_pp0_dyn0_sw8,256,128,,,False,False,1,1,1,False,8,9,False
online_target,gated,24497,29446,1.1199658711751301,50.176185929208195,ok,,m256_n128_cm2_cn1_pp0_dyn0_sw4,256,128,,,False,False,2,1,1,False,4,9,False
online_target,gated,24497,29446,1.1991466522216796,46.86300518984594,ok,,m256_n160_cm1_cn1_pp0_dyn0_sw8,256,160,,,False,False,1,1,1,False,8,9,False
online_target,gated,24497,29446,1.2164651234944661,46.19582978673585,ok,,m256_n160_cm2_cn1_pp0_dyn0_sw4,256,160,,,False,False,2,1,1,False,4,9,False
online_target,gated,24497,29446,1.0087722778320312,55.706939040019876,ok,,m256_n192_cm1_cn1_pp0_dyn0_sw8,256,192,,,False,False,1,1,1,False,8,9,False
online_target,gated,24497,29446,1.0451701482137044,53.766954483434716,ok,,m256_n192_cm2_cn1_pp0_dyn0_sw4,256,192,,,False,False,2,1,1,False,4,9,False
online_target,gated,24497,29446,0.9840213139851888,57.10812864292978,ok,,m128_n224_cm1_cn1_pp0_dyn0_sw8,128,224,,,False,False,1,1,1,False,8,9,False
online_target,gated,24497,29446,1.0608714421590169,52.97118345657914,ok,,m128_n224_cm2_cn1_pp0_dyn0_sw4,128,224,,,False,False,2,1,1,False,4,9,False
online_target,gated,24497,29446,0.9532757441202799,58.95001119357177,ok,,m128_n256_cm1_cn1_pp0_dyn0_sw8,128,256,,,False,False,1,1,1,False,8,9,False
online_target,gated,24497,29446,1.013158416748047,55.46577401668641,ok,,m128_n256_cm2_cn1_pp0_dyn0_sw4,128,256,,,False,False,2,1,1,False,4,9,False
online_target,gated,24497,29446,1.1320789337158204,49.639308808618324,ok,,m128_n128_cm1_cn1_pp1_dyn0_sw8,128,128,,,True,False,1,1,1,False,8,9,False
online_target,gated,24497,29446,1.23765869140625,45.40477611206406,ok,,m128_n128_cm2_cn1_pp1_dyn0_sw4,128,128,,,True,False,2,1,1,False,4,9,False
online_target,gated,24497,29446,1.0821792602539062,51.928195124776344,ok,,m128_n160_cm1_cn1_pp1_dyn0_sw8,128,160,,,True,False,1,1,1,False,8,9,False
online_target,gated,24497,29446,1.1012757619222004,51.027742305310895,ok,,m128_n160_cm2_cn1_pp1_dyn0_sw4,128,160,,,True,False,2,1,1,False,4,9,False
online_target,gated,24497,29446,0.927454948425293,60.591208103277,ok,,m128_n192_cm1_cn1_pp1_dyn0_sw8,128,192,,,True,False,1,1,1,False,8,9,False
online_target,gated,24497,29446,1.0097802480061848,55.65133195802693,ok,,m128_n192_cm2_cn1_pp1_dyn0_sw4,128,192,,,True,False,2,1,1,False,4,9,False
online_target,gated,24497,29446,1.144050089518229,49.11989107934558,ok,,m192_n128_cm1_cn1_pp1_dyn0_sw8,192,128,,,True,False,1,1,1,False,8,9,False
online_target,gated,24497,29446,1.0781696319580079,52.12131200949987,ok,,m192_n128_cm2_cn1_pp1_dyn0_sw4,192,128,,,True,False,2,1,1,False,4,9,False
online_target,out,24497,29446,0.41502933502197265,67.70077563731228,ok,,m256_n128_cm1_cn2_pp0_dyn0_sw8,256,128,,,False,False,1,2,1,False,8,9,False
online_target,out,24497,29446,0.41441386540730796,67.80132191187536,ok,,m256_n128_cm2_cn1_pp0_dyn0_sw8,256,128,,,False,False,2,1,1,False,8,9,False
online_target,out,24497,29446,0.4393984158833822,63.94608373072227,ok,,m256_n160_cm1_cn2_pp0_dyn0_sw8,256,160,,,False,False,1,2,1,False,8,9,False
online_target,out,24497,29446,0.44971094131469724,62.47970710048456,ok,,m256_n160_cm2_cn1_pp0_dyn0_sw8,256,160,,,False,False,2,1,1,False,8,9,False
online_target,out,24497,29446,0.4249034563700358,66.12751078389894,ok,,m256_n192_cm1_cn2_pp0_dyn0_sw8,256,192,,,False,False,1,2,1,False,8,9,False
online_target,out,24497,29446,0.42972052892049156,65.38623594225407,ok,,m256_n192_cm2_cn1_pp0_dyn0_sw8,256,192,,,False,False,2,1,1,False,8,9,False
online_target,out,24497,29446,0.49945812225341796,56.2565841685703,ok,,m256_n208_cm1_cn2_pp0_dyn0_sw8,256,208,,,False,False,1,2,1,False,8,9,False
online_target,out,24497,29446,0.46130240758260094,60.90973606764513,ok,,m256_n208_cm2_cn1_pp0_dyn0_sw8,256,208,,,False,False,2,1,1,False,8,9,False
online_target,out,24497,29446,0.42212158838907876,66.56330466407493,ok,,m128_n224_cm1_cn2_pp0_dyn0_sw8,128,224,,,False,False,1,2,1,False,8,9,False
online_target,out,24497,29446,0.45312105814615883,62.0094947875105,ok,,m128_n224_cm2_cn1_pp0_dyn0_sw8,128,224,,,False,False,2,1,1,False,8,9,False
online_target,out,24497,29446,0.42539520263671876,66.05106902726543,ok,,m128_n256_cm1_cn2_pp0_dyn0_sw8,128,256,,,False,False,1,2,1,False,8,9,False
online_target,out,24497,29446,0.46444053649902345,60.49818154338593,ok,,m128_n256_cm2_cn1_pp0_dyn0_sw8,128,256,,,False,False,2,1,1,False,8,9,False
online_target,out,24497,29446,0.40345385869344075,69.6431755150847,ok,,m128_n128_cm1_cn2_pp1_dyn0_sw8,128,128,,,True,False,1,2,1,False,8,9,False
online_target,out,24497,29446,0.4563136100769043,61.575651641181715,ok,,m128_n128_cm2_cn1_pp1_dyn0_sw8,128,128,,,True,False,2,1,1,False,8,9,False
online_target,out,24497,29446,0.44630934397379557,62.95590328235476,ok,,m128_n160_cm1_cn2_pp1_dyn0_sw8,128,160,,,True,False,1,2,1,False,8,9,False
online_target,out,24497,29446,0.46887998580932616,59.925372683003964,ok,,m128_n160_cm2_cn1_pp1_dyn0_sw8,128,160,,,True,False,2,1,1,False,8,9,False
online_target,out,24497,29446,0.4085952123006185,68.76685542891992,ok,,m128_n192_cm1_cn2_pp1_dyn0_sw8,128,192,,,True,False,1,2,1,False,8,9,False
online_target,out,24497,29446,0.4310261408487956,65.18817591409662,ok,,m128_n192_cm2_cn1_pp1_dyn0_sw8,128,192,,,True,False,2,1,1,False,8,9,False
online_target,out,24497,29446,0.73787841796875,38.07918379097443,ok,,m128_n208_cm1_cn2_pp1_dyn0_sw8,128,208,,,True,False,1,2,1,False,8,9,False
online_target,out,24497,29446,0.4975200017293294,56.47573523790065,ok,,m128_n208_cm2_cn1_pp1_dyn0_sw8,128,208,,,True,False,2,1,1,False,8,9,False
online_target,out,24497,29446,0.3885674794514974,72.3112699315146,ok,,m192_n128_cm1_cn2_pp1_dyn0_sw8,192,128,,,True,False,1,2,1,False,8,9,False
online_target,out,24497,29446,0.414846928914388,67.73054332776326,ok,,m192_n128_cm2_cn1_pp1_dyn0_sw8,192,128,,,True,False,2,1,1,False,8,9,False
online_target,out,24497,29446,0.4165823936462402,67.4483807327825,ok,,m256_n128_cm1_cn1_pp0_dyn0_sw8,256,128,,,False,False,1,1,1,False,8,9,False
online_target,out,24497,29446,0.40407145818074547,69.53673001238568,ok,,m256_n128_cm1_cn2_pp0_dyn1_sw8,256,128,,,False,True,1,2,1,False,8,9,False
online_target,out,24497,29446,0.40704533259073894,69.02869445619277,ok,,m256_n128_cm1_cn2_pp0_dyn0_sw4,256,128,,,False,False,1,2,1,False,4,9,False
online_target,out,24497,29446,0.4544298807779948,61.830898630876476,ok,,m256_n128_cm2_cn1_pp0_dyn1_sw8,256,128,,,False,True,2,1,1,False,8,9,False
online_target,out,24497,29446,0.4562602678934733,61.58285055797516,ok,,m256_n128_cm2_cn1_pp0_dyn0_sw4,256,128,,,False,False,2,1,1,False,4,9,False
online_target,out,24497,29446,0.487390931447347,57.64942693904204,ok,,m256_n160_cm1_cn1_pp0_dyn0_sw8,256,160,,,False,False,1,1,1,False,8,9,False
online_target,out,24497,29446,0.4867786725362142,57.72193704960466,ok,,m256_n160_cm1_cn2_pp0_dyn1_sw8,256,160,,,False,True,1,2,1,False,8,9,False
online_target,out,24497,29446,0.4788714726765951,58.67505060632685,ok,,m256_n160_cm1_cn2_pp0_dyn0_sw4,256,160,,,False,False,1,2,1,False,4,9,False
online_target,out,24497,29446,0.47666667302449545,58.946449339414094,ok,,m256_n160_cm2_cn1_pp0_dyn1_sw8,256,160,,,False,True,2,1,1,False,8,9,False
online_target,out,24497,29446,0.4735935846964518,59.32894532605351,ok,,m256_n160_cm2_cn1_pp0_dyn0_sw4,256,160,,,False,False,2,1,1,False,4,9,False
online_target,out,24497,29446,0.4462037404378255,62.970803126068056,ok,,m256_n192_cm1_cn1_pp0_dyn0_sw8,256,192,,,False,False,1,1,1,False,8,9,False
online_target,out,24497,29446,0.4530303955078125,62.02190442813441,ok,,m256_n192_cm1_cn2_pp0_dyn1_sw8,256,192,,,False,True,1,2,1,False,8,9,False
online_target,out,24497,29446,0.4444735844930013,63.215923000859256,ok,,m256_n192_cm1_cn2_pp0_dyn0_sw4,256,192,,,False,False,1,2,1,False,4,9,False
online_target,out,24497,29446,0.4396981239318848,63.902496653768324,ok,,m256_n192_cm2_cn1_pp0_dyn1_sw8,256,192,,,False,True,2,1,1,False,8,9,False
online_target,out,24497,29446,0.4384511947631836,64.08423156059975,ok,,m256_n192_cm2_cn1_pp0_dyn0_sw4,256,192,,,False,False,2,1,1,False,4,9,False
online_target,out,24497,29446,0.4739445368448893,59.28501271536172,ok,,m256_n208_cm1_cn1_pp0_dyn0_sw8,256,208,,,False,False,1,1,1,False,8,9,False
online_target,out,24497,29446,0.5012085278828938,56.060115361385996,ok,,m256_n208_cm1_cn2_pp0_dyn0_sw4,256,208,,,False,False,1,2,1,False,4,9,False
online_target,out,24497,29446,0.4731722513834635,59.38177441951205,ok,,m256_n208_cm2_cn1_pp0_dyn0_sw4,256,208,,,False,False,2,1,1,False,4,9,False
online_target,out,24497,29446,0.4421802520751953,63.54378731605429,ok,,m128_n224_cm1_cn1_pp0_dyn0_sw8,128,224,,,False,False,1,1,1,False,8,9,False
online_target,out,24497,29446,0.4423338572184245,63.521721059102155,ok,,m128_n224_cm1_cn2_pp0_dyn0_sw4,128,224,,,False,False,1,2,1,False,4,9,False
online_target,out,24497,29446,0.4894410769144694,57.40794800133953,ok,,m128_n224_cm2_cn1_pp0_dyn0_sw4,128,224,,,False,False,2,1,1,False,4,9,False
online_target,out,24497,29446,0.46651093165079754,60.2296880671123,ok,,m128_n256_cm1_cn1_pp0_dyn0_sw8,128,256,,,False,False,1,1,1,False,8,9,False
online_target,out,24497,29446,0.46795307795206703,60.0440711196766,ok,,m128_n256_cm1_cn2_pp0_dyn0_sw4,128,256,,,False,False,1,2,1,False,4,9,False
online_target,out,24497,29446,0.5133514722188314,54.734055347654575,ok,,m128_n256_cm2_cn1_pp0_dyn0_sw4,128,256,,,False,False,2,1,1,False,4,9,False
online_target,out,24497,29446,0.48971627553304037,57.37568730514811,ok,,m128_n128_cm1_cn1_pp1_dyn0_sw8,128,128,,,True,False,1,1,1,False,8,9,False
online_target,out,24497,29446,0.45042346318562826,62.380870868722546,ok,,m128_n128_cm1_cn2_pp1_dyn1_sw8,128,128,,,True,True,1,2,1,False,8,9,False
online_target,out,24497,29446,0.4324117342631022,64.97929095543297,ok,,m128_n128_cm1_cn2_pp1_dyn0_sw4,128,128,,,True,False,1,2,1,False,4,9,False
online_target,out,24497,29446,0.48496853510538734,57.937383271926315,ok,,m128_n128_cm2_cn1_pp1_dyn1_sw8,128,128,,,True,True,2,1,1,False,8,9,False
online_target,out,24497,29446,0.4669407844543457,60.17424227797923,ok,,m128_n128_cm2_cn1_pp1_dyn0_sw4,128,128,,,True,False,2,1,1,False,4,9,False
online_target,out,24497,29446,0.5922890981038411,47.43934673654812,ok,,m128_n160_cm1_cn1_pp1_dyn0_sw8,128,160,,,True,False,1,1,1,False,8,9,False
online_target,out,24497,29446,0.4459797223409017,63.00243371098348,ok,,m128_n160_cm1_cn2_pp1_dyn1_sw8,128,160,,,True,True,1,2,1,False,8,9,False
online_target,out,24497,29446,0.43964052200317383,63.91086919195005,ok,,m128_n160_cm1_cn2_pp1_dyn0_sw4,128,160,,,True,False,1,2,1,False,4,9,False
online_target,out,24497,29446,0.46504745483398435,60.41922733080223,ok,,m128_n160_cm2_cn1_pp1_dyn1_sw8,128,160,,,True,True,2,1,1,False,8,9,False
online_target,out,24497,29446,0.47121171951293944,59.62883928750401,ok,,m128_n160_cm2_cn1_pp1_dyn0_sw4,128,160,,,True,False,2,1,1,False,4,9,False
online_target,out,24497,29446,0.4067061424255371,69.08626391933542,ok,,m128_n192_cm1_cn1_pp1_dyn0_sw8,128,192,,,True,False,1,1,1,False,8,9,False
online_target,out,24497,29446,0.4234773317972819,66.35020527303186,ok,,m128_n192_cm1_cn2_pp1_dyn1_sw8,128,192,,,True,True,1,2,1,False,8,9,False
online_target,out,24497,29446,0.40274025599161783,69.76657405166439,ok,,m128_n192_cm1_cn2_pp1_dyn0_sw4,128,192,,,True,False,1,2,1,False,4,9,False
online_target,out,24497,29446,0.4414527893066406,63.64850007484779,ok,,m128_n192_cm2_cn1_pp1_dyn1_sw8,128,192,,,True,True,2,1,1,False,8,9,False
online_target,out,24497,29446,0.42551679611206056,66.0321946159462,ok,,m128_n192_cm2_cn1_pp1_dyn0_sw4,128,192,,,True,False,2,1,1,False,4,9,False
online_target,out,24497,29446,0.6599061330159505,42.57849183005901,ok,,m128_n208_cm1_cn1_pp1_dyn0_sw8,128,208,,,True,False,1,1,1,False,8,9,False
online_target,out,24497,29446,0.7540746688842773,37.26130720555666,ok,,m128_n208_cm1_cn2_pp1_dyn0_sw4,128,208,,,True,False,1,2,1,False,4,9,False
online_target,out,24497,29446,0.5105536142985027,55.034000556105525,ok,,m128_n208_cm2_cn1_pp1_dyn0_sw4,128,208,,,True,False,2,1,1,False,4,9,False
online_target,out,24497,29446,0.40275732676188153,69.76361701257761,ok,,m192_n128_cm1_cn1_pp1_dyn0_sw8,192,128,,,True,False,1,1,1,False,8,9,False
online_target,out,24497,29446,0.3982410748799642,70.5547711312666,ok,,m192_n128_cm1_cn2_pp1_dyn0_sw4,192,128,,,True,False,1,2,1,False,4,9,False
online_target,out,24497,29446,0.42862825393676757,65.55285993202527,ok,,m192_n128_cm2_cn1_pp1_dyn0_sw4,192,128,,,True,False,2,1,1,False,4,9,False
